rock,pct,date,h_true,h_pred,seed
r1,25.0,x,1.625,2.5314996603496347,0
r1,25.0,z,2.325,2.173196267087806,0
r1,50.0,x,3.25,2.9922136632153604,0
r1,50.0,z,4.65,3.949084855831702,0
r1,75.0,x,4.875,5.789253227557637,0
r1,75.0,z,6.9750000000000005,6.430156567654199,0
r11,15.0,x,1.2060000000000002,1.166971983884264,0
r11,15.0,z,2.1,2.473278370021569,0
r11,30.0,x,2.4120000000000004,1.7554572979947491,0
r11,30.0,z,4.2,2.796538821848816,0
r11,45.0,x,3.618,3.2260340969215986,0
r11,45.0,z,6.3,4.330998415858435,0
r11,60.0,x,4.824000000000001,4.020342888745019,0
r11,60.0,z,8.4,6.212368350428157,0
r12,25.0,x,2.0,2.1062117305066943,0
r12,25.0,z,3.025,2.7562248173689463,0
r12,50.0,x,4.0,3.5033075349787186,0
r12,50.0,z,6.05,4.114156470619753,0
r12,60.0,z,7.26,6.829990756567402,0
r12,75.0,x,6.0,5.875377814857972,0
r13,30.0,x,2.4599999999999995,2.384032579131871,0
r13,30.0,z,3.048,2.8546754098556377,0
r13,45.0,x,3.69,2.478061209260804,0
r13,45.0,z,4.572,3.2310326881758904,0
r13,60.0,x,4.919999999999999,3.717603406725776,0
r13,60.0,z,6.096,7.35183087291785,0
r14,20.0,x,1.5,1.842886490288718,0
r14,20.0,z,2.6,1.3759564458260911,0
r14,40.0,x,3.0,3.2051682554275307,0
r14,40.0,z,5.2,5.584995749633082,0
r14,60.0,x,4.5,4.524023284908191,0
r14,60.0,z,7.8,6.402962003639386,0
r15,20.0,z,2.45,1.5449485153959022,0
r15,25.0,x,1.565,1.8463644678198987,0
r15,40.0,z,4.9,4.582224244756575,0
r15,50.0,x,3.13,3.139681713759325,0
r15,60.0,z,7.35,6.917910814965836,0
r15,75.0,x,4.695,3.9736963109729166,0
r16,25.0,x,1.3,2.8214614821115003,0
r16,25.0,z,1.73,1.1225433385905998,0
r16,50.0,x,2.6,3.782678623910862,0
r16,50.0,z,3.46,2.1805224852216787,0
r17,25.0,x,1.225,1.1591823185469905,0
r17,25.0,z,2.75,2.310861557824825,0
r17,50.0,x,2.45,2.500110935187564,0
r17,50.0,z,5.5,6.065509004247644,0
r17,75.0,x,3.675,3.379651894230143,0
r17,75.0,z,8.25,6.853131330280245,0
r18,25.0,x,1.725,1.756441357705198,0
r18,25.0,z,2.3675,3.176774818623928,0
r18,50.0,x,3.45,4.023905971161179,0
r18,50.0,z,4.735,5.191407844236775,0
r18,75.0,x,5.175000000000001,5.161662354911205,0
r18,75.0,z,7.102500000000001,8.278803399953908,0
r19,25.0,x,1.8875,1.6359591914289413,0
r19,25.0,z,2.52,3.258707553909349,0
r19,50.0,x,3.775,2.823141346607056,0
r19,50.0,z,5.04,4.510269197086863,0
r19,75.0,x,5.6625,4.514976492294854,0
r19,75.0,z,7.56,6.140389024507046,0
r2,25.0,x,2.0,3.2742451604882468,0
r2,25.0,z,3.2,3.254722250826363,0
r2,50.0,x,4.0,4.864443318536197,0
r2,50.0,z,6.4,5.491568456830246,0
r3,20.0,x,0.988,3.31478849744225,0
r3,20.0,z,1.8600000000000003,2.23619293339511,0
r3,40.0,x,1.976,1.3630115924503468,0
r3,40.0,z,3.7200000000000006,3.9556274497432073,0
r3,60.0,x,2.9639999999999995,4.443103384753166,0
r3,60.0,z,5.58,4.6531870471407215,0
r4,20.0,x,1.8600000000000003,2.0384798710807246,0
r4,20.0,z,2.66,1.6195241997060164,0
r4,40.0,x,3.7200000000000006,2.975567807882173,0
r4,40.0,z,5.32,5.923714068392066,0
r4,50.0,z,6.65,7.728092522448635,0
r4,60.0,x,5.58,8.397874551556264,0
r5,20.0,x,1.37,2.918993838278828,0
r5,20.0,z,2.16,3.5616204819711146,0
r5,40.0,x,2.74,2.002637393812345,0
r5,40.0,z,4.32,4.948917918571297,0
r5,60.0,x,4.109999999999999,3.851787194654388,0
r5,60.0,z,6.48,6.400417257371815,0
r6,50.0,z,4.65,4.914228871457524,0
r6,75.0,z,6.9750000000000005,4.2463798484351045,0
r7,20.0,x,1.1800000000000002,2.7573245739145964,0
r7,20.0,z,2.18,3.135646418454645,0
r7,40.0,x,2.3600000000000003,3.2858462511609217,0
r7,40.0,z,4.36,4.415052989862269,0
r7,60.0,x,3.54,4.086835186964135,0
r7,60.0,z,6.54,7.70031779741729,0
r8,20.0,x,1.26,1.9123092870232536,0
r8,20.0,z,1.618,2.007294999441728,0
r8,40.0,x,2.52,4.095383984797566,0
r8,40.0,z,3.236,3.056490312824615,0
r8,60.0,x,3.78,1.811374416355661,0
r8,60.0,z,4.854,5.492589013945894,0
r9,20.0,x,1.0,1.603359926987789,0
r9,20.0,z,1.4940000000000002,1.6425472206292655,0
r9,40.0,x,2.0,1.6482474061404928,0
r9,40.0,z,2.9880000000000004,3.998767737695056,0
r9,60.0,x,3.0,2.8006610666637943,0
r9,60.0,z,4.482,5.010731169804126,0
r1,25.0,x,1.625,2.497058237543498,1
r1,25.0,z,2.325,2.1954939172632755,1
r1,50.0,x,3.25,2.935292721414408,1
r1,50.0,z,4.65,3.933643142527983,1
r1,75.0,x,4.875,5.832830226323659,1
r1,75.0,z,6.9750000000000005,6.389640492138805,1
r11,15.0,x,1.2060000000000002,1.566994588468726,1
r11,15.0,z,2.1,2.8169348704026733,1
r11,30.0,x,2.4120000000000004,1.6226589011442871,1
r11,30.0,z,4.2,3.571420330723789,1
r11,45.0,x,3.618,3.0519187999033264,1
r11,45.0,z,6.3,5.195417401094569,1
r11,60.0,x,4.824000000000001,4.027972515374921,1
r11,60.0,z,8.4,5.785478374061482,1
r12,25.0,x,2.0,2.110144735322294,1
r12,25.0,z,3.025,2.754466901591491,1
r12,50.0,x,4.0,3.5024759418021087,1
r12,50.0,z,6.05,4.111085929944417,1
r12,60.0,z,7.26,6.842978783647135,1
r12,75.0,x,6.0,5.8704508843719205,1
r13,30.0,x,2.4599999999999995,2.3862112847554844,1
r13,30.0,z,3.048,2.852729579868649,1
r13,45.0,x,3.69,2.4755855095137504,1
r13,45.0,z,4.572,3.242798656274817,1
r13,60.0,x,4.919999999999999,3.724331747396263,1
r13,60.0,z,6.096,7.332356258435711,1
r14,20.0,x,1.5,1.842110001141216,1
r14,20.0,z,2.6,1.3847890006522494,1
r14,40.0,x,3.0,3.195695946068852,1
r14,40.0,z,5.2,5.576654389781496,1
r14,60.0,x,4.5,4.532409296028085,1
r14,60.0,z,7.8,6.396431732287166,1
r15,20.0,z,2.45,1.7698821484004543,1
r15,25.0,x,1.565,1.6081372587072829,1
r15,40.0,z,4.9,4.133287763852452,1
r15,50.0,x,3.13,4.388560143511474,1
r15,60.0,z,7.35,6.4989852390463225,1
r15,75.0,x,4.695,4.788881191134276,1
r16,25.0,x,1.3,3.2736021204380714,1
r16,25.0,z,1.73,1.1035327657249798,1
r16,50.0,x,2.6,2.832827641557859,1
r16,50.0,z,3.46,2.4978207003242736,1
r17,25.0,x,1.225,1.5408629999794177,1
r17,25.0,z,2.75,2.323813129684672,1
r17,50.0,x,2.45,2.4546546870696115,1
r17,50.0,z,5.5,5.706530974295225,1
r17,75.0,x,3.675,3.9330088443440494,1
r17,75.0,z,8.25,5.77341530117558,1
r18,25.0,x,1.725,1.9397439285859712,1
r18,25.0,z,2.3675,3.3111487026494446,1
r18,50.0,x,3.45,3.63933853674199,1
r18,50.0,z,4.735,5.31792524430079,1
r18,75.0,x,5.175000000000001,4.907801320956855,1
r18,75.0,z,7.102500000000001,7.724986203562956,1
r19,25.0,x,1.8875,1.709879291470608,1
r19,25.0,z,2.52,3.1917120498208567,1
r19,50.0,x,3.775,2.860863190733167,1
r19,50.0,z,5.04,4.478773543440956,1
r19,75.0,x,5.6625,4.534344319481287,1
r19,75.0,z,7.56,6.192219864686059,1
r2,25.0,x,2.0,2.2882013547671,1
r2,25.0,z,3.2,4.364530869390333,1
r2,50.0,x,4.0,4.0630164441509695,1
r2,50.0,z,6.4,6.213493431434917,1
r3,20.0,x,0.988,3.159496344062788,1
r3,20.0,z,1.8600000000000003,2.69664230242336,1
r3,40.0,x,1.976,1.5465976356977986,1
r3,40.0,z,3.7200000000000006,3.817960252925904,1
r3,60.0,x,2.9639999999999995,4.6399432023916445,1
r3,60.0,z,5.58,4.742435238279024,1
r4,20.0,x,1.8600000000000003,2.248295983939909,1
r4,20.0,z,2.66,1.723794361939767,1
r4,40.0,x,3.7200000000000006,2.8389821745117523,1
r4,40.0,z,5.32,5.395682046874701,1
r4,50.0,z,6.65,7.838787871339145,1
r4,60.0,x,5.58,7.995590936533515,1
r5,20.0,x,1.37,2.5251709644022133,1
r5,20.0,z,2.16,3.162914890221692,1
r5,40.0,x,2.74,2.2656422834417644,1
r5,40.0,z,4.32,4.566652128201818,1
r5,60.0,x,4.109999999999999,3.245978537700707,1
r5,60.0,z,6.48,6.186570116884621,1
r6,50.0,z,4.65,4.901547093605758,1
r6,75.0,z,6.9750000000000005,4.229235076654457,1
r7,20.0,x,1.1800000000000002,2.884416848046316,1
r7,20.0,z,2.18,3.1855600967243616,1
r7,40.0,x,2.3600000000000003,3.337359916813489,1
r7,40.0,z,4.36,4.553127977788336,1
r7,60.0,x,3.54,4.236199248976794,1
r7,60.0,z,6.54,7.65190001080088,1
r8,20.0,x,1.26,1.9879079407845888,1
r8,20.0,z,1.618,2.0916298578242114,1
r8,40.0,x,2.52,4.268878886885746,1
r8,40.0,z,3.236,3.490056467376918,1
r8,60.0,x,3.78,2.273616434017124,1
r8,60.0,z,4.854,5.837734629622505,1
r9,20.0,x,1.0,1.6346098480176383,1
r9,20.0,z,1.4940000000000002,2.0170439227163515,1
r9,40.0,x,2.0,1.857280973946967,1
r9,40.0,z,2.9880000000000004,5.509961612840873,1
r9,60.0,x,3.0,2.6356494863308804,1
r9,60.0,z,4.482,4.997756352694111,1
r1,25.0,x,1.625,2.523068323508589,2
r1,25.0,z,2.325,2.173498424252858,2
r1,50.0,x,3.25,3.001985514576801,2
r1,50.0,z,4.65,3.943881838123368,2
r1,75.0,x,4.875,5.806824364938259,2
r1,75.0,z,6.9750000000000005,6.449693544613567,2
r11,15.0,x,1.2060000000000002,1.4181676682103266,2
r11,15.0,z,2.1,2.407516569966873,2
r11,30.0,x,2.4120000000000004,1.81115594194398,2
r11,30.0,z,4.2,2.8697835323609127,2
r11,45.0,x,3.618,3.321811996304844,2
r11,45.0,z,6.3,4.781387343800915,2
r11,60.0,x,4.824000000000001,4.058386660605837,2
r11,60.0,z,8.4,6.388321627212397,2
r12,25.0,x,2.0,2.109102808965384,2
r12,25.0,z,3.025,2.7548690677658407,2
r12,50.0,x,4.0,3.502996606292243,2
r12,50.0,z,6.05,4.111851802456988,2
r12,60.0,z,7.26,6.839116985894435,2
r12,75.0,x,6.0,5.87209321666052,2
r13,30.0,x,2.4599999999999995,2.3422216311597945,2
r13,30.0,z,3.048,2.9537351459433085,2
r13,45.0,x,3.69,2.43636185953338,2
r13,45.0,z,4.572,3.1678160560887623,2
r13,60.0,x,4.919999999999999,3.709780032545798,2
r13,60.0,z,6.096,7.441014019079125,2
r14,20.0,x,1.5,1.8419964986009028,2
r14,20.0,z,2.6,1.387510555709066,2
r14,40.0,x,3.0,3.193512070718506,2
r14,40.0,z,5.2,5.573724594740197,2
r14,60.0,x,4.5,4.534543564996906,2
r14,60.0,z,7.8,6.394682892083252,2
r15,20.0,z,2.45,1.5217985109799672,2
r15,25.0,x,1.565,1.6377741264377366,2
r15,40.0,z,4.9,4.611864983447263,2
r15,50.0,x,3.13,3.0209971651067224,2
r15,60.0,z,7.35,6.986297814851316,2
r15,75.0,x,4.695,4.680632674573809,2
r16,25.0,x,1.3,3.0389392891376805,2
r16,25.0,z,1.73,1.4936232750523573,2
r16,50.0,x,2.6,3.387656777133036,2
r16,50.0,z,3.46,2.019404436548586,2
r17,25.0,x,1.225,1.318536678159318,2
r17,25.0,z,2.75,2.3543615839467886,2
r17,50.0,x,2.45,2.6493191885122607,2
r17,50.0,z,5.5,5.891317884993113,2
r17,75.0,x,3.675,3.475341312368744,2
r17,75.0,z,8.25,6.574294831229795,2
r18,25.0,x,1.725,1.9291612365793849,2
r18,25.0,z,2.3675,3.333760305638888,2
r18,50.0,x,3.45,3.629209247236009,2
r18,50.0,z,4.735,5.322166510908162,2
r18,75.0,x,5.175000000000001,4.887887812225045,2
r18,75.0,z,7.102500000000001,7.838782481091973,2
r19,25.0,x,1.8875,1.6190534577330111,2
r19,25.0,z,2.52,3.4303436008043686,2
r19,50.0,x,3.775,2.821954222659153,2
r19,50.0,z,5.04,4.563190727025602,2
r19,75.0,x,5.6625,4.521769667620487,2
r19,75.0,z,7.56,6.154074425576987,2
r2,25.0,x,2.0,3.241134865785113,2
r2,25.0,z,3.2,3.292775968007641,2
r2,50.0,x,4.0,4.877621621269802,2
r2,50.0,z,6.4,5.50535206004244,2
r3,20.0,x,0.988,3.1600415972342173,2
r3,20.0,z,1.8600000000000003,3.278166956823181,2
r3,40.0,x,1.976,1.9004963292758967,2
r3,40.0,z,3.7200000000000006,3.708300905831823,2
r3,60.0,x,2.9639999999999995,4.65014630369282,2
r3,60.0,z,5.58,5.030235228253975,2
r4,20.0,x,1.8600000000000003,1.0940609403307624,2
r4,20.0,z,2.66,2.0086438801298825,2
r4,40.0,x,3.7200000000000006,1.8534910421274948,2
r4,40.0,z,5.32,5.831592738273812,2
r4,50.0,z,6.65,6.798976013278397,2
r4,60.0,x,5.58,6.829615527502915,2
r5,20.0,x,1.37,2.9185599503467623,2
r5,20.0,z,2.16,3.5621322590959346,2
r5,40.0,x,2.74,2.003286806132422,2
r5,40.0,z,4.32,4.948679108310298,2
r5,60.0,x,4.109999999999999,3.8538398409698473,2
r5,60.0,z,6.48,6.400001644086174,2
r6,50.0,z,4.65,4.908763064745125,2
r6,75.0,z,6.9750000000000005,4.235682201455752,2
r7,20.0,x,1.1800000000000002,2.697392976113425,2
r7,20.0,z,2.18,3.1812205196331105,2
r7,40.0,x,2.3600000000000003,3.319805721410713,2
r7,40.0,z,4.36,4.356161954291482,2
r7,60.0,x,3.54,4.120355673758175,2
r7,60.0,z,6.54,7.632498887889044,2
r8,20.0,x,1.26,2.1546175066073494,2
r8,20.0,z,1.618,1.7189336773696997,2
r8,40.0,x,2.52,4.187661383746781,2
r8,40.0,z,3.236,3.118524942870555,2
r8,60.0,x,3.78,2.046426949184849,2
r8,60.0,z,4.854,5.764645790756642,2
r9,20.0,x,1.0,1.22901035561125,2
r9,20.0,z,1.4940000000000002,1.6172035925300206,2
r9,40.0,x,2.0,2.03340135747702,2
r9,40.0,z,2.9880000000000004,5.360578653597108,2
r9,60.0,x,3.0,3.404874555049988,2
r9,60.0,z,4.482,5.646360751826717,2
r1,25.0,x,1.625,2.514779920040931,3
r1,25.0,z,2.325,2.1704026678325845,3
r1,50.0,x,3.25,2.993536195583307,3
r1,50.0,z,4.65,3.93921484589814,3
r1,75.0,x,4.875,5.8076889115033925,3
r1,75.0,z,6.9750000000000005,6.433589004905741,3
r11,15.0,x,1.2060000000000002,1.5686258079405015,3
r11,15.0,z,2.1,2.817513318003578,3
r11,30.0,x,2.4120000000000004,1.6234528534838222,3
r11,30.0,z,4.2,3.570867364467309,3
r11,45.0,x,3.618,3.0512011229421105,3
r11,45.0,z,6.3,5.196191958258854,3
r11,60.0,x,4.824000000000001,4.026932062246027,3
r11,60.0,z,8.4,5.786546450897987,3
r12,25.0,x,2.0,2.108388417365341,3
r12,25.0,z,3.025,2.7551803459996718,3
r12,50.0,x,4.0,3.5031647700142643,3
r12,50.0,z,6.05,4.112689474793244,3
r12,60.0,z,7.26,6.836536482131305,3
r12,75.0,x,6.0,5.873124655370278,3
r13,30.0,x,2.4599999999999995,2.340910354721041,3
r13,30.0,z,3.048,2.9513115203703046,3
r13,45.0,x,3.69,2.4352204013182424,3
r13,45.0,z,4.572,3.1626617818468503,3
r13,60.0,x,4.919999999999999,3.7069025784161274,3
r13,60.0,z,6.096,7.447272053649706,3
r14,20.0,x,1.5,1.8423291528300816,3
r14,20.0,z,2.6,1.383824146994198,3
r14,40.0,x,3.0,3.1982291125673106,3
r14,40.0,z,5.2,5.578216423012274,3
r14,60.0,x,4.5,4.530239552524873,3
r14,60.0,z,7.8,6.397615951266657,3
r15,20.0,z,2.45,1.771523146870075,3
r15,25.0,x,1.565,1.609508284002613,3
r15,40.0,z,4.9,4.135935824403696,3
r15,50.0,x,3.13,4.388420387996992,3
r15,60.0,z,7.35,6.500289208166512,3
r15,75.0,x,4.695,4.786891934513121,3
r16,25.0,x,1.3,2.6806283965795696,3
r16,25.0,z,1.73,1.3025501432897393,3
r16,50.0,x,2.6,4.145179192190452,3
r16,50.0,z,3.46,2.45052523384266,3
r17,25.0,x,1.225,1.5332678951164629,3
r17,25.0,z,2.75,2.3262137620320185,3
r17,50.0,x,2.45,2.4545173060395653,3
r17,50.0,z,5.5,5.710272246343718,3
r17,75.0,x,3.675,3.931116061123132,3
r17,75.0,z,8.25,5.780594889746233,3
r18,25.0,x,1.725,1.9304681518320652,3
r18,25.0,z,2.3675,3.3308079359672,3
r18,50.0,x,3.45,3.631250863059481,3
r18,50.0,z,4.735,5.32120818386962,3
r18,75.0,x,5.175000000000001,4.891455228938326,3
r18,75.0,z,7.102500000000001,7.847538275800338,3
r19,25.0,x,1.8875,1.5434730556374443,3
r19,25.0,z,2.52,3.689380248819285,3
r19,50.0,x,3.775,2.9513170895864618,3
r19,50.0,z,5.04,4.436989220686342,3
r19,75.0,x,5.6625,4.6548434326897326,3
r19,75.0,z,7.56,6.02814390183516,3
r2,25.0,x,2.0,2.750758239653747,3
r2,25.0,z,3.2,3.3569120734948883,3
r2,50.0,x,4.0,4.339565295631797,3
r2,50.0,z,6.4,6.462683646688543,3
r3,20.0,x,0.988,3.1052691799441057,3
r3,20.0,z,1.8600000000000003,3.2516079748520808,3
r3,40.0,x,1.976,1.9447039186919857,3
r3,40.0,z,3.7200000000000006,3.570633604935443,3
r3,60.0,x,2.9639999999999995,4.521868938138622,3
r3,60.0,z,5.58,4.970995315558275,3
r4,20.0,x,1.8600000000000003,1.1322271110263975,3
r4,20.0,z,2.66,1.570357007015768,3
r4,40.0,x,3.7200000000000006,2.21814152057027,3
r4,40.0,z,5.32,6.027601468702206,3
r4,50.0,z,6.65,6.797708413081099,3
r4,60.0,x,5.58,6.566200652791687,3
r5,20.0,x,1.37,2.8460995567072143,3
r5,20.0,z,2.16,3.456776565530337,3
r5,40.0,x,2.74,1.839531772537456,3
r5,40.0,z,4.32,4.860719299171001,3
r5,60.0,x,4.109999999999999,4.084791884724993,3
r5,60.0,z,6.48,6.522888584945309,3
r6,50.0,z,4.65,4.9161613550075,3
r6,75.0,z,6.9750000000000005,4.240596122340824,3
r7,20.0,x,1.1800000000000002,2.6578272326004053,3
r7,20.0,z,2.18,3.4300379959320004,3
r7,40.0,x,2.3600000000000003,3.283674950560284,3
r7,40.0,z,4.36,4.472254220721335,3
r7,60.0,x,3.54,4.419234974139177,3
r7,60.0,z,6.54,7.951262803724259,3
r8,20.0,x,1.26,1.9411148356388,3
r8,20.0,z,1.618,1.8007322494772704,3
r8,40.0,x,2.52,4.066561803065642,3
r8,40.0,z,3.236,3.358739170107436,3
r8,60.0,x,3.78,2.159883096599963,3
r8,60.0,z,4.854,5.211615976961333,3
r9,20.0,x,1.0,1.584535618356694,3
r9,20.0,z,1.4940000000000002,1.885860017904326,3
r9,40.0,x,2.0,1.928433902147677,3
r9,40.0,z,2.9880000000000004,5.792123383479068,3
r9,60.0,x,3.0,2.9658081456589764,3
r9,60.0,z,4.482,5.112368207936491,3
r1,25.0,x,1.625,2.5046819657689854,4
r1,25.0,z,2.325,2.1967449896911164,4
r1,50.0,x,3.25,2.9168132077018365,4
r1,50.0,z,4.65,3.9381682273438456,4
r1,75.0,x,4.875,5.820654262064352,4
r1,75.0,z,6.9750000000000005,6.37006040611516,4
r11,15.0,x,1.2060000000000002,1.5149243918673303,4
r11,15.0,z,2.1,2.8143762311941405,4
r11,30.0,x,2.4120000000000004,1.8372676312218037,4
r11,30.0,z,4.2,3.3489688317243678,4
r11,45.0,x,3.618,3.209885603231705,4
r11,45.0,z,6.3,5.170168617871317,4
r11,60.0,x,4.824000000000001,4.089957519600689,4
r11,60.0,z,8.4,6.092849127747571,4
r12,25.0,x,2.0,2.113797966287469,4
r12,25.0,z,3.025,2.735203529381898,4
r12,50.0,x,4.0,3.484063611078975,4
r12,50.0,z,6.05,4.291145381457496,4
r12,60.0,z,7.26,6.781247297260598,4
r12,75.0,x,6.0,5.967459403587958,4
r13,30.0,x,2.4599999999999995,1.9841623936313104,4
r13,30.0,z,3.048,2.157917290123599,4
r13,45.0,x,3.69,1.8626301734742443,4
r13,45.0,z,4.572,3.212027565691125,4
r13,60.0,x,4.919999999999999,3.6213067994080417,4
r13,60.0,z,6.096,7.063082988292567,4
r14,20.0,x,1.5,1.8447627436818093,4
r14,20.0,z,2.6,1.4971362469528984,4
r14,40.0,x,3.0,3.183233287744313,4
r14,40.0,z,5.2,5.677018356550995,4
r14,60.0,x,4.5,4.559544379974373,4
r14,60.0,z,7.8,6.471378666025915,4
r15,20.0,z,2.45,1.5370597779407849,4
r15,25.0,x,1.565,1.7341661913837338,4
r15,40.0,z,4.9,4.470816472847852,4
r15,50.0,x,3.13,2.826930103978548,4
r15,60.0,z,7.35,6.887890410914736,4
r15,75.0,x,4.695,4.579125478015516,4
r16,25.0,x,1.3,2.736139391801004,4
r16,25.0,z,1.73,1.187923441540379,4
r16,50.0,x,2.6,4.207532882548083,4
r16,50.0,z,3.46,2.476344897147825,4
r17,25.0,x,1.225,1.5194774525388537,4
r17,25.0,z,2.75,2.336900575175425,4
r17,50.0,x,2.45,2.446180590611709,4
r17,50.0,z,5.5,5.785243283639724,4
r17,75.0,x,3.675,3.957822666124593,4
r17,75.0,z,8.25,5.928703365944602,4
r18,25.0,x,1.725,1.758854409291108,4
r18,25.0,z,2.3675,3.177500209375816,4
r18,50.0,x,3.45,4.024256574216908,4
r18,50.0,z,4.735,5.189254659138019,4
r18,75.0,x,5.175000000000001,5.156104424195233,4
r18,75.0,z,7.102500000000001,8.258683725890947,4
r19,25.0,x,1.8875,1.6203882560053873,4
r19,25.0,z,2.52,3.564875795405361,4
r19,50.0,x,3.775,2.813994982610009,4
r19,50.0,z,5.04,4.453448073429804,4
r19,75.0,x,5.6625,4.616058866903359,4
r19,75.0,z,7.56,6.137813674029167,4
r2,25.0,x,2.0,2.287862285313429,4
r2,25.0,z,3.2,4.366254022864833,4
r2,50.0,x,4.0,4.072044815884773,4
r2,50.0,z,6.4,6.213979167247199,4
r3,20.0,x,0.988,3.161058827607385,4
r3,20.0,z,1.8600000000000003,2.6962005235873323,4
r3,40.0,x,1.976,1.547314045773735,4
r3,40.0,z,3.7200000000000006,3.818356323731668,4
r3,60.0,x,2.9639999999999995,4.641727036400283,4
r3,60.0,z,5.58,4.7428818423046,4
r4,20.0,x,1.8600000000000003,1.9370776901921816,4
r4,20.0,z,2.66,1.1072208168697015,4
r4,40.0,x,3.7200000000000006,2.125578165660169,4
r4,40.0,z,5.32,5.42320716034094,4
r4,50.0,z,6.65,6.40081407149958,4
r4,60.0,x,5.58,6.743730333057139,4
r5,20.0,x,1.37,2.918938011660168,4
r5,20.0,z,2.16,3.5614334206653697,4
r5,40.0,x,2.74,2.0026902810252345,4
r5,40.0,z,4.32,4.948760618734799,4
r5,60.0,x,4.109999999999999,3.8519285524787374,4
r5,60.0,z,6.48,6.400392305595952,4
r6,50.0,z,4.65,4.908129621298761,4
r6,75.0,z,6.9750000000000005,4.235623553461996,4
r7,20.0,x,1.1800000000000002,2.759596510872841,4
r7,20.0,z,2.18,3.142903571860143,4
r7,40.0,x,2.3600000000000003,3.2872502025208785,4
r7,40.0,z,4.36,4.4140758546987255,4
r7,60.0,x,3.54,4.08535587662777,4
r7,60.0,z,6.54,7.692436421475491,4
r8,20.0,x,1.26,1.774584408040004,4
r8,20.0,z,1.618,1.8421458405130984,4
r8,40.0,x,2.52,4.400138678575374,4
r8,40.0,z,3.236,3.3288161761624524,4
r8,60.0,x,3.78,2.043233603278697,4
r8,60.0,z,4.854,5.555204510043799,4
r9,20.0,x,1.0,1.5836839209508842,4
r9,20.0,z,1.4940000000000002,1.991989866704797,4
r9,40.0,x,2.0,1.8040905139239607,4
r9,40.0,z,2.9880000000000004,5.287370700008775,4
r9,60.0,x,3.0,2.629170000451013,4
r9,60.0,z,4.482,5.656174695847712,4
r1,25.0,x,1.625,2.505760098119956,5
r1,25.0,z,2.325,2.1959952666944544,5
r1,50.0,x,3.25,2.921764101210396,5
r1,50.0,z,4.65,3.92960991558377,5
r1,75.0,x,4.875,5.839148250497954,5
r1,75.0,z,6.9750000000000005,6.375861717688091,5
r11,15.0,x,1.2060000000000002,1.5690789976746389,5
r11,15.0,z,2.1,2.105368048143196,5
r11,30.0,x,2.4120000000000004,1.797377461860698,5
r11,30.0,z,4.2,3.2485114575954546,5
r11,45.0,x,3.618,3.180144196767804,5
r11,45.0,z,6.3,5.088760580247848,5
r11,60.0,x,4.824000000000001,3.896586688324682,5
r11,60.0,z,8.4,6.1690161971050985,5
r12,25.0,x,2.0,2.108192651041166,5
r12,25.0,z,3.025,2.755432213890725,5
r12,50.0,x,4.0,3.503321019902747,5
r12,50.0,z,6.05,4.112504245791908,5
r12,60.0,z,7.26,6.836162806714516,5
r12,75.0,x,6.0,5.873024786751363,5
r13,30.0,x,2.4599999999999995,2.3865006107990654,5
r13,30.0,z,3.048,2.855577224429028,5
r13,45.0,x,3.69,2.476596890647663,5
r13,45.0,z,4.572,3.2450258176137767,5
r13,60.0,x,4.919999999999999,3.7238845820692417,5
r13,60.0,z,6.096,7.3313487969113265,5
r14,20.0,x,1.5,1.8422022028641452,5
r14,20.0,z,2.6,1.3831629735656898,5
r14,40.0,x,3.0,3.197602598023701,5
r14,40.0,z,5.2,5.578370485116384,5
r14,60.0,x,4.5,4.5305709188822005,5
r14,60.0,z,7.8,6.39769784205759,5
r15,20.0,z,2.45,1.6903233261732629,5
r15,25.0,x,1.565,1.3278171909724414,5
r15,40.0,z,4.9,4.553428065104316,5
r15,50.0,x,3.13,3.928502016162737,5
r15,60.0,z,7.35,6.932771986574332,5
r15,75.0,x,4.695,4.43050841946078,5
r16,25.0,x,1.3,2.9902674971308523,5
r16,25.0,z,1.73,1.3124066012750455,5
r16,50.0,x,2.6,3.875179093768291,5
r16,50.0,z,3.46,2.454216611593892,5
r17,25.0,x,1.225,1.5282267415813968,5
r17,25.0,z,2.75,2.325128279543557,5
r17,50.0,x,2.45,2.453870535530111,5
r17,50.0,z,5.5,5.709637779495914,5
r17,75.0,x,3.675,3.9316478516577007,5
r17,75.0,z,8.25,5.783532348692063,5
r18,25.0,x,1.725,1.9596915933806809,5
r18,25.0,z,2.3675,3.1293585676669977,5
r18,50.0,x,3.45,4.260198080152222,5
r18,50.0,z,4.735,5.22743231389769,5
r18,75.0,x,5.175000000000001,5.588922061564624,5
r18,75.0,z,7.102500000000001,6.9927461039058745,5
r19,25.0,x,1.8875,1.5808411643539038,5
r19,25.0,z,2.52,3.446694351136687,5
r19,50.0,x,3.775,2.8550777484681875,5
r19,50.0,z,5.04,4.4742182822843874,5
r19,75.0,x,5.6625,4.590442027313546,5
r19,75.0,z,7.56,6.10416762016388,5
r2,25.0,x,2.0,2.288265946669872,5
r2,25.0,z,3.2,4.3568500426766485,5
r2,50.0,x,4.0,4.058893922862769,5
r2,50.0,z,6.4,6.213819772439441,5
r3,20.0,x,0.988,2.4995339846693065,5
r3,20.0,z,1.8600000000000003,3.1505619865118613,5
r3,40.0,x,1.976,1.963054895384076,5
r3,40.0,z,3.7200000000000006,3.755447284690045,5
r3,60.0,x,2.9639999999999995,4.372582531382511,5
r3,60.0,z,5.58,4.706363351559619,5
r4,20.0,x,1.8600000000000003,1.467877219407701,5
r4,20.0,z,2.66,1.2382394103439929,5
r4,40.0,x,3.7200000000000006,2.4962331351967686,5
r4,40.0,z,5.32,5.677863894004273,5
r4,50.0,z,6.65,7.996821967764157,5
r4,60.0,x,5.58,7.859587238482856,5
r5,20.0,x,1.37,2.8451832339672776,5
r5,20.0,z,2.16,3.479045392259515,5
r5,40.0,x,2.74,1.882026019270905,5
r5,40.0,z,4.32,4.884553747538846,5
r5,60.0,x,4.109999999999999,4.089574835127712,5
r5,60.0,z,6.48,6.539202085591077,5
r6,50.0,z,4.65,4.279815555125193,5
r6,75.0,z,6.9750000000000005,4.090420639306698,5
r7,20.0,x,1.1800000000000002,2.659181802701185,5
r7,20.0,z,2.18,3.4811679244347937,5
r7,40.0,x,2.3600000000000003,3.283715706323674,5
r7,40.0,z,4.36,4.47145816791143,5
r7,60.0,x,3.54,4.418959841767558,5
r7,60.0,z,6.54,7.918487701807436,5
r8,20.0,x,1.26,1.91300380347608,5
r8,20.0,z,1.618,2.011651926750051,5
r8,40.0,x,2.52,4.093007081482536,5
r8,40.0,z,3.236,3.0544164131640223,5
r8,60.0,x,3.78,1.810395984519252,5
r8,60.0,z,4.854,5.482901596160518,5
r9,20.0,x,1.0,1.2601964550754712,5
r9,20.0,z,1.4940000000000002,1.680019588238089,5
r9,40.0,x,2.0,1.882086044143942,5
r9,40.0,z,2.9880000000000004,5.488263378097598,5
r9,60.0,x,3.0,3.232548785660284,5
r9,60.0,z,4.482,5.54980183655722,5
r1,25.0,x,1.625,2.5180821119421597,6
r1,25.0,z,2.325,2.1725679157635023,6
r1,50.0,x,3.25,2.9967244097823755,6
r1,50.0,z,4.65,3.941895619548111,6
r1,75.0,x,4.875,5.806172021805241,6
r1,75.0,z,6.9750000000000005,6.441254248892936,6
r11,15.0,x,1.2060000000000002,1.2802003337014467,6
r11,15.0,z,2.1,2.1971065981000906,6
r11,30.0,x,2.4120000000000004,1.7696898315434266,6
r11,30.0,z,4.2,2.7188100369270467,6
r11,45.0,x,3.618,3.264031621423164,6
r11,45.0,z,6.3,4.324800789166112,6
r11,60.0,x,4.824000000000001,4.12719854988429,6
r11,60.0,z,8.4,6.234693115784821,6
r12,25.0,x,2.0,2.104855916857696,6
r12,25.0,z,3.025,2.756896415320022,6
r12,50.0,x,4.0,3.503600734585344,6
r12,50.0,z,6.05,4.115220394424756,6
r12,60.0,z,7.26,6.825663461607175,6
r12,75.0,x,6.0,5.877086998838402,6
r13,30.0,x,2.4599999999999995,2.341673547708047,6
r13,30.0,z,3.048,2.954821850004972,6
r13,45.0,x,3.69,2.43632246183285,6
r13,45.0,z,4.572,3.1667905085139583,6
r13,60.0,x,4.919999999999999,3.708142076448196,6
r13,60.0,z,6.096,7.4417639186705,6
r14,20.0,x,1.5,1.8428704809305063,6
r14,20.0,z,2.6,1.3787353467785346,6
r14,40.0,x,3.0,3.2036449918597625,6
r14,40.0,z,5.2,5.582817346865175,6
r14,60.0,x,4.5,4.525526267504337,6
r14,60.0,z,7.8,6.401106118761819,6
r15,20.0,z,2.45,1.68138101690614,6
r15,25.0,x,1.565,1.325409326391148,6
r15,40.0,z,4.9,4.53834857555463,6
r15,50.0,x,3.13,3.9231930150018153,6
r15,60.0,z,7.35,6.929036847359161,6
r15,75.0,x,4.695,4.43010877426508,6
r16,25.0,x,1.3,2.873506940141954,6
r16,25.0,z,1.73,1.2731467820702005,6
r16,50.0,x,2.6,2.923393982105672,6
r16,50.0,z,3.46,2.4194255582322906,6
r17,25.0,x,1.225,1.4841757653061065,6
r17,25.0,z,2.75,2.287517434084135,6
r17,50.0,x,2.45,2.4018090508783887,6
r17,50.0,z,5.5,5.5301067486935205,6
r17,75.0,x,3.675,4.0482605825417615,6
r17,75.0,z,8.25,5.441167296672937,6
r18,25.0,x,1.725,1.7518410139205476,6
r18,25.0,z,2.3675,3.1761803902890064,6
r18,50.0,x,3.45,4.022473515654161,6
r18,50.0,z,4.735,5.1963041353760735,6
r18,75.0,x,5.175000000000001,5.169015184961,6
r18,75.0,z,7.102500000000001,8.30677096029088,6
r19,25.0,x,1.8875,1.6259456116789115,6
r19,25.0,z,2.52,3.564048967743976,6
r19,50.0,x,3.775,2.8206340985053897,6
r19,50.0,z,5.04,4.459668945063099,6
r19,75.0,x,5.6625,4.621333436811023,6
r19,75.0,z,7.56,6.143620559689242,6
r2,25.0,x,2.0,3.745945561799876,6
r2,25.0,z,3.2,2.2752592759390646,6
r2,50.0,x,4.0,6.436749319853638,6
r2,50.0,z,6.4,5.44793957130258,6
r3,20.0,x,0.988,2.5813645204106805,6
r3,20.0,z,1.8600000000000003,2.6365608261917988,6
r3,40.0,x,1.976,1.5854075263923422,6
r3,40.0,z,3.7200000000000006,3.9196478737022566,6
r3,60.0,x,2.9639999999999995,4.458242364887188,6
r3,60.0,z,5.58,4.725754395987955,6
r4,20.0,x,1.8600000000000003,1.626028681472122,6
r4,20.0,z,2.66,1.695135377460892,6
r4,40.0,x,3.7200000000000006,2.0061523722516883,6
r4,40.0,z,5.32,6.014303158060814,6
r4,50.0,z,6.65,7.790660319929839,6
r4,60.0,x,5.58,6.599600323983077,6
r5,20.0,x,1.37,2.516492838849171,6
r5,20.0,z,2.16,3.383690857385197,6
r5,40.0,x,2.74,2.214555350100257,6
r5,40.0,z,4.32,4.582651650226149,6
r5,60.0,x,4.109999999999999,4.238476505012588,6
r5,60.0,z,6.48,6.61403290791471,6
r6,50.0,z,4.65,4.903427675259218,6
r6,75.0,z,6.9750000000000005,4.23239638247662,6
r7,20.0,x,1.1800000000000002,2.7591016417171152,6
r7,20.0,z,2.18,3.1389907385507936,6
r7,40.0,x,2.3600000000000003,3.2872257260800657,6
r7,40.0,z,4.36,4.413915536085621,6
r7,60.0,x,3.54,4.086592612167846,6
r7,60.0,z,6.54,7.69609002435606,6
r8,20.0,x,1.26,1.7781121798268202,6
r8,20.0,z,1.618,1.8801065038340168,6
r8,40.0,x,2.52,4.286098058447565,6
r8,40.0,z,3.236,3.3479987207642097,6
r8,60.0,x,3.78,2.0672423239372164,6
r8,60.0,z,4.854,5.535394389718159,6
r9,20.0,x,1.0,1.261784362480736,6
r9,20.0,z,1.4940000000000002,1.6795634984649368,6
r9,40.0,x,2.0,1.8852414347152655,6
r9,40.0,z,2.9880000000000004,5.485615874901948,6
r9,60.0,x,3.0,3.236094275215638,6
r9,60.0,z,4.482,5.552793783552409,6
r1,25.0,x,1.625,2.5012368893843955,7
r1,25.0,z,2.325,2.1973715911320277,7
r1,50.0,x,3.25,2.9368728666681454,7
r1,50.0,z,4.65,3.934534194552539,7
r1,75.0,x,4.875,5.835941368601017,7
r1,75.0,z,6.9750000000000005,6.393835443320418,7
r11,15.0,x,1.2060000000000002,1.256298856628161,7
r11,15.0,z,2.1,2.047872714669427,7
r11,30.0,x,2.4120000000000004,1.7411668432175214,7
r11,30.0,z,4.2,2.546717250611674,7
r11,45.0,x,3.618,3.1998072253849017,7
r11,45.0,z,6.3,4.187906300514121,7
r11,60.0,x,4.824000000000001,4.0110782072131705,7
r11,60.0,z,8.4,6.207194784124581,7
r12,25.0,x,2.0,2.1202543427605804,7
r12,25.0,z,3.025,2.7752889073425617,7
r12,50.0,x,4.0,3.601375203050739,7
r12,50.0,z,6.05,4.092762832038439,7
r12,60.0,z,7.26,6.825403621292381,7
r12,75.0,x,6.0,5.954865542941808,7
r13,30.0,x,2.4599999999999995,2.339211033461637,7
r13,30.0,z,3.048,2.9512252324975403,7
r13,45.0,x,3.69,2.4351254893434247,7
r13,45.0,z,4.572,3.154587773079645,7
r13,60.0,x,4.919999999999999,3.7015510881558233,7
r13,60.0,z,6.096,7.457160105507217,7
r14,20.0,x,1.5,1.8415887490440768,7
r14,20.0,z,2.6,1.391782093638691,7
r14,40.0,x,3.0,3.189488796206396,7
r14,40.0,z,5.2,5.570092458217834,7
r14,60.0,x,4.5,4.537631399183479,7
r14,60.0,z,7.8,6.392059852483783,7
r15,20.0,z,2.45,1.686753988965518,7
r15,25.0,x,1.565,1.3450286919542471,7
r15,40.0,z,4.9,4.5713646006030935,7
r15,50.0,x,3.13,3.920713001556224,7
r15,60.0,z,7.35,6.928229265172429,7
r15,75.0,x,4.695,4.464528261460628,7
r16,25.0,x,1.3,2.8796774257783837,7
r16,25.0,z,1.73,1.7895849020129595,7
r16,50.0,x,2.6,3.7334576424233736,7
r16,50.0,z,3.46,2.402642542819622,7
r17,25.0,x,1.225,1.2303732608035824,7
r17,25.0,z,2.75,2.399725931344971,7
r17,50.0,x,2.45,2.368698587832527,7
r17,50.0,z,5.5,5.50976322429392,7
r17,75.0,x,3.675,4.049672472064556,7
r17,75.0,z,8.25,6.680700700652368,7
r18,25.0,x,1.725,2.324207771731668,7
r18,25.0,z,2.3675,3.2638516135730136,7
r18,50.0,x,3.45,3.387965694466492,7
r18,50.0,z,4.735,5.415154317842492,7
r18,75.0,x,5.175000000000001,4.521338459658575,7
r18,75.0,z,7.102500000000001,7.9731176028449795,7
r19,25.0,x,1.8875,1.5652379577292097,7
r19,25.0,z,2.52,3.6121870822105056,7
r19,50.0,x,3.775,2.858052771570482,7
r19,50.0,z,5.04,4.454696204280334,7
r19,75.0,x,5.6625,4.6828439642349,7
r19,75.0,z,7.56,6.117983190655705,7
r2,25.0,x,2.0,2.8264888853847463,7
r2,25.0,z,3.2,2.9530577863918115,7
r2,50.0,x,4.0,5.33535292071307,7
r2,50.0,z,6.4,6.392064190269603,7
r3,20.0,x,0.988,2.497514053505906,7
r3,20.0,z,1.8600000000000003,3.149791092571823,7
r3,40.0,x,1.976,1.9644734164923712,7
r3,40.0,z,3.7200000000000006,3.7505499947290666,7
r3,60.0,x,2.9639999999999995,4.36871227101194,7
r3,60.0,z,5.58,4.7007454377804105,7
r4,20.0,x,1.8600000000000003,1.1576062140634886,7
r4,20.0,z,2.66,2.049168862789713,7
r4,40.0,x,3.7200000000000006,1.9090855694340851,7
r4,40.0,z,5.32,5.882447250606862,7
r4,50.0,z,6.65,6.886042593110693,7
r4,60.0,x,5.58,6.940900227744747,7
r5,20.0,x,1.37,2.524330973168694,7
r5,20.0,z,2.16,3.162179680843449,7
r5,40.0,x,2.74,2.2624021921920714,7
r5,40.0,z,4.32,4.566383626742517,7
r5,60.0,x,4.109999999999999,3.2461972271189223,7
r5,60.0,z,6.48,6.186777782031636,7
r6,50.0,z,4.65,4.908831388583932,7
r6,75.0,z,6.9750000000000005,4.240188324265307,7
r7,20.0,x,1.1800000000000002,2.761183992621288,7
r7,20.0,z,2.18,3.1448638109541447,7
r7,40.0,x,2.3600000000000003,3.2886625974718946,7
r7,40.0,z,4.36,4.413590021099888,7
r7,60.0,x,3.54,4.085933818120587,7
r7,60.0,z,6.54,7.689480627587721,7
r8,20.0,x,1.26,1.7631069696276604,7
r8,20.0,z,1.618,1.8429909345754811,7
r8,40.0,x,2.52,4.39315869339617,7
r8,40.0,z,3.236,3.33566625237002,7
r8,60.0,x,3.78,2.055863390964563,7
r8,60.0,z,4.854,5.53620735202126,7
r9,20.0,x,1.0,1.2459863736177477,7
r9,20.0,z,1.4940000000000002,1.5486423743096278,7
r9,40.0,x,2.0,2.118547485543056,7
r9,40.0,z,2.9880000000000004,5.33260415355664,7
r9,60.0,x,3.0,3.551510989820767,7
r9,60.0,z,4.482,5.7515281369926265,7
r1,25.0,x,1.625,2.52111361067346,8
r1,25.0,z,2.325,2.171779354292372,8
r1,50.0,x,3.25,2.9822745732412304,8
r1,50.0,z,4.65,3.946069502214324,8
r1,75.0,x,4.875,5.786014565627756,8
r1,75.0,z,6.9750000000000005,6.412117761453088,8
r11,15.0,x,1.2060000000000002,1.103745429912395,8
r11,15.0,z,2.1,2.0748763538613155,8
r11,30.0,x,2.4120000000000004,1.676168713715803,8
r11,30.0,z,4.2,2.3087848360978738,8
r11,45.0,x,3.618,3.071478444681309,8
r11,45.0,z,6.3,3.945335476315669,8
r11,60.0,x,4.824000000000001,3.8596285700680655,8
r11,60.0,z,8.4,6.162361232048879,8
r12,25.0,x,2.0,2.1130702361203664,8
r12,25.0,z,3.025,2.735635201081429,8
r12,50.0,x,4.0,3.484326147075249,8
r12,50.0,z,6.05,4.290960728440843,8
r12,60.0,z,7.26,6.779734699838007,8
r12,75.0,x,6.0,5.967194833590764,8
r13,30.0,x,2.4599999999999995,2.3866366903105165,8
r13,30.0,z,3.048,2.8542419576463613,8
r13,45.0,x,3.69,2.4765703875804075,8
r13,45.0,z,4.572,3.243913871012956,8
r13,60.0,x,4.919999999999999,3.7244465313428816,8
r13,60.0,z,6.096,7.331636276351647,8
r14,20.0,x,1.5,1.8440396006048931,8
r14,20.0,z,2.6,1.4985777848861352,8
r14,40.0,x,3.0,3.1809672460506384,8
r14,40.0,z,5.2,5.6779099354506135,8
r14,60.0,x,4.5,4.5594787349219095,8
r14,60.0,z,7.8,6.470596850612987,8
r15,20.0,z,2.45,1.8474435189805725,8
r15,25.0,x,1.565,1.4583609707062957,8
r15,40.0,z,4.9,4.741172826911198,8
r15,50.0,x,3.13,3.495054136740946,8
r15,60.0,z,7.35,7.139100100915275,8
r15,75.0,x,4.695,4.233143983188171,8
r16,25.0,x,1.3,2.735407010927579,8
r16,25.0,z,1.73,1.182560633139107,8
r16,50.0,x,2.6,4.210781717393615,8
r16,50.0,z,3.46,2.474650848237361,8
r17,25.0,x,1.225,1.2120870566649449,8
r17,25.0,z,2.75,2.533806749498612,8
r17,50.0,x,2.45,2.2408942535967187,8
r17,50.0,z,5.5,5.937390225077936,8
r17,75.0,x,3.675,3.436975643658843,8
r17,75.0,z,8.25,6.257321303123774,8
r18,25.0,x,1.725,1.8002531383953873,8
r18,25.0,z,2.3675,3.117468665800524,8
r18,50.0,x,3.45,4.001163145346676,8
r18,50.0,z,4.735,5.222520299959953,8
r18,75.0,x,5.175000000000001,5.11382296346744,8
r18,75.0,z,7.102500000000001,8.01480662535528,8
r19,25.0,x,1.8875,1.5926349644196045,8
r19,25.0,z,2.52,3.615707770779149,8
r19,50.0,x,3.775,2.8455360306556425,8
r19,50.0,z,5.04,4.483405195341383,8
r19,75.0,x,5.6625,4.622548798642781,8
r19,75.0,z,7.56,6.026385413471602,8
r2,25.0,x,2.0,3.98281189280221,8
r2,25.0,z,3.2,3.709241307433214,8
r2,50.0,x,4.0,5.723779411567886,8
r2,50.0,z,6.4,6.173567207438535,8
r3,20.0,x,0.988,3.021881166517966,8
r3,20.0,z,1.8600000000000003,2.8187744988099803,8
r3,40.0,x,1.976,1.6851783570447814,8
r3,40.0,z,3.7200000000000006,3.65875866442443,8
r3,60.0,x,2.9639999999999995,4.494344125164447,8
r3,60.0,z,5.58,4.794751016531102,8
r4,20.0,x,1.8600000000000003,2.294965231337416,8
r4,20.0,z,2.66,0.8053137038864908,8
r4,40.0,x,3.7200000000000006,3.019457431182017,8
r4,40.0,z,5.32,6.591663846142545,8
r4,50.0,z,6.65,7.32704560538578,8
r4,60.0,x,5.58,7.688853750059696,8
r5,20.0,x,1.37,2.88893486659178,8
r5,20.0,z,2.16,3.625589528344136,8
r5,40.0,x,2.74,2.0917911052168976,8
r5,40.0,z,4.32,4.828669459293347,8
r5,60.0,x,4.109999999999999,3.806010207729052,8
r5,60.0,z,6.48,6.527932237502682,8
r6,50.0,z,4.65,4.899397587675953,8
r6,75.0,z,6.9750000000000005,4.118476519865771,8
r7,20.0,x,1.1800000000000002,2.495286361174961,8
r7,20.0,z,2.18,3.364650334283632,8
r7,40.0,x,2.3600000000000003,3.1695407392040025,8
r7,40.0,z,4.36,4.142680191277036,8
r7,60.0,x,3.54,4.140887016111899,8
r7,60.0,z,6.54,7.727559394922642,8
r8,20.0,x,1.26,2.2903874221948897,8
r8,20.0,z,1.618,2.0590151601361524,8
r8,40.0,x,2.52,3.839705466195362,8
r8,40.0,z,3.236,3.3678407570256086,8
r8,60.0,x,3.78,2.951602320805039,8
r8,60.0,z,4.854,4.2409304129710215,8
r9,20.0,x,1.0,1.4990628141874316,8
r9,20.0,z,1.4940000000000002,1.7152305274384498,8
r9,40.0,x,2.0,1.6961788552589936,8
r9,40.0,z,2.9880000000000004,4.300981852400014,8
r9,60.0,x,3.0,2.7817499303111592,8
r9,60.0,z,4.482,5.126445605903987,8
r1,25.0,x,1.625,2.495590680899836,9
r1,25.0,z,2.325,2.1909875079449987,9
r1,50.0,x,3.25,2.9857402412560408,9
r1,50.0,z,4.65,3.9060868604774335,9
r1,75.0,x,4.875,5.835047935643929,9
r1,75.0,z,6.9750000000000005,6.39135673441306,9
r11,15.0,x,1.2060000000000002,1.2803586426305675,9
r11,15.0,z,2.1,2.192154704642165,9
r11,30.0,x,2.4120000000000004,1.7681659040126625,9
r11,30.0,z,4.2,2.7148640560292483,9
r11,45.0,x,3.618,3.2628428754920797,9
r11,45.0,z,6.3,4.32540360002043,9
r11,60.0,x,4.824000000000001,4.127984303780605,9
r11,60.0,z,8.4,6.232349832803958,9
r12,25.0,x,2.0,2.1068840447251334,9
r12,25.0,z,3.025,2.756200898972222,9
r12,50.0,x,4.0,3.503728819298656,9
r12,50.0,z,6.05,4.1136527585978255,9
r12,60.0,z,7.26,6.831650141174187,9
r12,75.0,x,6.0,5.87464221391968,9
r13,30.0,x,2.4599999999999995,1.8377856298516644,9
r13,30.0,z,3.048,2.366104287168838,9
r13,45.0,x,3.69,2.068452416242265,9
r13,45.0,z,4.572,2.679535666651251,9
r13,60.0,x,4.919999999999999,3.801945239467772,9
r13,60.0,z,6.096,7.145610581058525,9
r14,20.0,x,1.5,1.8418993799801755,9
r14,20.0,z,2.6,1.387573501878936,9
r14,40.0,x,3.0,3.193028704720964,9
r14,40.0,z,5.2,5.573895963072002,9
r14,60.0,x,4.5,4.534721700321608,9
r14,60.0,z,7.8,6.394592210734176,9
r15,20.0,z,2.45,1.6101228270995582,9
r15,25.0,x,1.565,1.589610549877028,9
r15,40.0,z,4.9,4.125412127168458,9
r15,50.0,x,3.13,3.498429161853859,9
r15,60.0,z,7.35,6.740022671383259,9
r15,75.0,x,4.695,5.052241900184959,9
r16,25.0,x,1.3,2.884594895088312,9
r16,25.0,z,1.73,1.7952487948136162,9
r16,50.0,x,2.6,3.740399062803765,9
r16,50.0,z,3.46,2.4067933468163742,9
r17,25.0,x,1.225,1.0747105451444972,9
r17,25.0,z,2.75,2.6038070735233503,9
r17,50.0,x,2.45,2.280572914909019,9
r17,50.0,z,5.5,5.964771399840779,9
r17,75.0,x,3.675,3.437567093202995,9
r17,75.0,z,8.25,6.253864835362073,9
r18,25.0,x,1.725,2.3249975791703075,9
r18,25.0,z,2.3675,3.264476630396428,9
r18,50.0,x,3.45,3.3890872719548257,9
r18,50.0,z,4.735,5.41551006388192,9
r18,75.0,x,5.175000000000001,4.522726353118087,9
r18,75.0,z,7.102500000000001,7.971907785252561,9
r19,25.0,x,1.8875,1.5687175358102348,9
r19,25.0,z,2.52,3.610603682759484,9
r19,50.0,x,3.775,2.859021055057299,9
r19,50.0,z,5.04,4.45702670726475,9
r19,75.0,x,5.6625,4.67964200139109,9
r19,75.0,z,7.56,6.120760079827243,9
r2,25.0,x,2.0,2.745848560058649,9
r2,25.0,z,3.2,3.329789595943053,9
r2,50.0,x,4.0,4.335086984328526,9
r2,50.0,z,6.4,6.49514485832205,9
r3,20.0,x,0.988,2.447375835199604,9
r3,20.0,z,1.8600000000000003,2.5951954048511103,9
r3,40.0,x,1.976,1.5634250089527448,9
r3,40.0,z,3.7200000000000006,3.809832063608643,9
r3,60.0,x,2.9639999999999995,4.278006739524177,9
r3,60.0,z,5.58,4.742286216134913,9
r4,20.0,x,1.8600000000000003,0.9022066033563044,9
r4,20.0,z,2.66,1.5796594983934975,9
r4,40.0,x,3.7200000000000006,1.747251752885289,9
r4,40.0,z,5.32,5.662894311230593,9
r4,50.0,z,6.65,6.626256396423813,9
r4,60.0,x,5.58,6.429440987091414,9
r5,20.0,x,1.37,2.629891863291248,9
r5,20.0,z,2.16,3.621499644476792,9
r5,40.0,x,2.74,2.1397159282224103,9
r5,40.0,z,4.32,4.73116988434698,9
r5,60.0,x,4.109999999999999,4.514614879247446,9
r5,60.0,z,6.48,6.78935534482397,9
r6,50.0,z,4.65,4.332980982976254,9
r6,75.0,z,6.9750000000000005,4.022923363489854,9
r7,20.0,x,1.1800000000000002,2.8845759564159104,9
r7,20.0,z,2.18,3.185895462434977,9
r7,40.0,x,2.3600000000000003,3.3374557587848424,9
r7,40.0,z,4.36,4.553077342702812,9
r7,60.0,x,3.54,4.236094449162549,9
r7,60.0,z,6.54,7.650539924768442,9
r8,20.0,x,1.26,1.9880500105122767,9
r8,20.0,z,1.618,2.0905014539952806,9
r8,40.0,x,2.52,4.26903468632984,9
r8,40.0,z,3.236,3.4893522875615943,9
r8,60.0,x,3.78,2.275968725963511,9
r8,60.0,z,4.854,5.838294693170667,9
r9,20.0,x,1.0,1.236781523512804,9
r9,20.0,z,1.4940000000000002,1.6559662276438505,9
r9,40.0,x,2.0,1.8558023368355812,9
r9,40.0,z,2.9880000000000004,5.28040868311462,9
r9,60.0,x,3.0,3.114598098187507,9
r9,60.0,z,4.482,5.3837232866273945,9
r1,25.0,x,1.625,2.5000559511298746,10
r1,25.0,z,2.325,2.1970105167150704,10
r1,50.0,x,3.25,2.9361730957680026,10
r1,50.0,z,4.65,3.934310686927574,10
r1,75.0,x,4.875,5.835117351644636,10
r1,75.0,z,6.9750000000000005,6.392656023112037,10
r11,15.0,x,1.2060000000000002,1.5777666775329369,10
r11,15.0,z,2.1,2.1088052978545204,10
r11,30.0,x,2.4120000000000004,1.8011659819108847,10
r11,30.0,z,4.2,3.251835822224264,10
r11,45.0,x,3.618,3.176511506170984,10
r11,45.0,z,6.3,5.096486381324615,10
r11,60.0,x,4.824000000000001,3.8956072965430257,10
r11,60.0,z,8.4,6.166939627082439,10
r12,25.0,x,2.0,2.1448726862968006,10
r12,25.0,z,3.025,2.8858853455104745,10
r12,50.0,x,4.0,3.538892733243532,10
r12,50.0,z,6.05,4.595508449603186,10
r12,60.0,z,7.26,6.832602556837715,10
r12,75.0,x,6.0,6.022594671661039,10
r13,30.0,x,2.4599999999999995,2.343139272728372,10
r13,30.0,z,3.048,2.9519925454537645,10
r13,45.0,x,3.69,2.435605394795992,10
r13,45.0,z,4.572,3.1716947545428145,10
r13,60.0,x,4.919999999999999,3.713383088520546,10
r13,60.0,z,6.096,7.439047219552759,10
r14,20.0,x,1.5,1.8420133982856868,10
r14,20.0,z,2.6,1.3850805631152725,10
r14,40.0,x,3.0,3.1953403997881926,10
r14,40.0,z,5.2,5.576540313239073,10
r14,60.0,x,4.5,4.5325427424325575,10
r14,60.0,z,7.8,6.396283780810021,10
r15,20.0,z,2.45,1.4869974900295504,10
r15,25.0,x,1.565,2.085880808043213,10
r15,40.0,z,4.9,3.9964737770905536,10
r15,50.0,x,3.13,2.554132618836512,10
r15,60.0,z,7.35,7.013881699106303,10
r15,75.0,x,4.695,4.376438096679784,10
r16,25.0,x,1.3,2.6479041240460006,10
r16,25.0,z,1.73,1.6239056640602936,10
r16,50.0,x,2.6,4.090572423426034,10
r16,50.0,z,3.46,2.29042362785772,10
r17,25.0,x,1.225,1.478175231198014,10
r17,25.0,z,2.75,2.2975292601773174,10
r17,50.0,x,2.45,2.7558029464712392,10
r17,50.0,z,5.5,5.723569163600825,10
r17,75.0,x,3.675,3.5141750399949254,10
r17,75.0,z,8.25,6.760973846293377,10
r18,25.0,x,1.725,2.324908839102175,10
r18,25.0,z,2.3675,3.2439379135087787,10
r18,50.0,x,3.45,3.394299155846745,10
r18,50.0,z,4.735,5.412927251331629,10
r18,75.0,x,5.175000000000001,4.538993496097814,10
r18,75.0,z,7.102500000000001,7.844630303469909,10
r19,25.0,x,1.8875,1.6179332725466944,10
r19,25.0,z,2.52,3.430933298346733,10
r19,50.0,x,3.775,2.818959286001225,10
r19,50.0,z,5.04,4.561786823601633,10
r19,75.0,x,5.6625,4.5186935865226685,10
r19,75.0,z,7.56,6.152978803174812,10
r2,25.0,x,2.0,2.2879272447723342,10
r2,25.0,z,3.2,4.36261862609431,10
r2,50.0,x,4.0,4.070425575840029,10
r2,50.0,z,6.4,6.214153245039771,10
r3,20.0,x,0.988,3.013592633941787,10
r3,20.0,z,1.8600000000000003,2.824767252477113,10
r3,40.0,x,1.976,1.6844618993189415,10
r3,40.0,z,3.7200000000000006,3.661537617987727,10
r3,60.0,x,2.9639999999999995,4.501398859346726,10
r3,60.0,z,5.58,4.804502016362039,10
r4,20.0,x,1.8600000000000003,1.172150500430837,10
r4,20.0,z,2.66,1.8395306491597192,10
r4,40.0,x,3.7200000000000006,2.3683541364093728,10
r4,40.0,z,5.32,6.268498354516529,10
r4,50.0,z,6.65,7.081641651082979,10
r4,60.0,x,5.58,6.7304240899878245,10
r5,20.0,x,1.37,2.8474594306320027,10
r5,20.0,z,2.16,3.4710371952720878,10
r5,40.0,x,2.74,1.867522568560113,10
r5,40.0,z,4.32,4.871464316707037,10
r5,60.0,x,4.109999999999999,4.080432292972276,10
r5,60.0,z,6.48,6.529062591656629,10
r6,50.0,z,4.65,4.916511388132704,10
r6,75.0,z,6.9750000000000005,4.234249458364772,10
r7,20.0,x,1.1800000000000002,2.506271515970063,10
r7,20.0,z,2.18,3.2010168167994237,10
r7,40.0,x,2.3600000000000003,3.1721812334012265,10
r7,40.0,z,4.36,4.086369646555636,10
r7,60.0,x,3.54,4.448016663060387,10
r7,60.0,z,6.54,7.76523112070628,10
r8,20.0,x,1.26,1.945164650395041,10
r8,20.0,z,1.618,1.8038120069328676,10
r8,40.0,x,2.52,4.073258076725317,10
r8,40.0,z,3.236,3.3640496624634206,10
r8,60.0,x,3.78,2.167490504993589,10
r8,60.0,z,4.854,5.211497627646215,10
r9,20.0,x,1.0,1.3315347668204458,10
r9,20.0,z,1.4940000000000002,1.8659524369715843,10
r9,40.0,x,2.0,1.8218969335743036,10
r9,40.0,z,2.9880000000000004,5.644673946538195,10
r9,60.0,x,3.0,2.8781308280851903,10
r9,60.0,z,4.482,5.403994105310859,10
r1,25.0,x,1.625,2.5253988904165143,11
r1,25.0,z,2.325,2.1736353927291487,11
r1,50.0,x,3.25,2.986289088324444,11
r1,50.0,z,4.65,3.947234316741695,11
r1,75.0,x,4.875,5.785537199816588,11
r1,75.0,z,6.9750000000000005,6.421659195275537,11
r11,15.0,x,1.2060000000000002,1.4337859016497465,11
r11,15.0,z,2.1,2.7634659602402847,11
r11,30.0,x,2.4120000000000004,1.528386544477752,11
r11,30.0,z,4.2,3.378953627852372,11
r11,45.0,x,3.618,3.1528219100462005,11
r11,45.0,z,6.3,5.078324961561151,11
r11,60.0,x,4.824000000000001,4.053933853479466,11
r11,60.0,z,8.4,5.873199033581461,11
r12,25.0,x,2.0,2.1102773221017386,11
r12,25.0,z,3.025,2.7544954754596684,11
r12,50.0,x,4.0,3.502280371529723,11
r12,50.0,z,6.05,4.111103000775603,11
r12,60.0,z,7.26,6.843456722272405,11
r12,75.0,x,6.0,5.8702193294000855,11
r13,30.0,x,2.4599999999999995,2.386403393330248,11
r13,30.0,z,3.048,2.8541528798897926,11
r13,45.0,x,3.69,2.4763298385192662,11
r13,45.0,z,4.572,3.243189346899335,11
r13,60.0,x,4.919999999999999,3.723887846423613,11
r13,60.0,z,6.096,7.332799588768323,11
r14,20.0,x,1.5,1.8415320611168575,11
r14,20.0,z,2.6,1.3837073186674584,11
r14,40.0,x,3.0,3.196192559175348,11
r14,40.0,z,5.2,5.578956849298486,11
r14,60.0,x,4.5,4.530218053856452,11
r14,60.0,z,7.8,6.397508295635003,11
r15,20.0,z,2.45,1.5189183141126483,11
r15,25.0,x,1.565,1.6420308895816356,11
r15,40.0,z,4.9,4.603505908527066,11
r15,50.0,x,3.13,3.025267523216229,11
r15,60.0,z,7.35,6.976911758765114,11
r15,75.0,x,4.695,4.68417173423598,11
r16,25.0,x,1.3,2.7040864963501363,11
r16,25.0,z,1.73,1.587906309086046,11
r16,50.0,x,2.6,4.154117146188583,11
r16,50.0,z,3.46,2.3126181105136263,11
r17,25.0,x,1.225,1.1581713179827036,11
r17,25.0,z,2.75,2.31088769239849,11
r17,50.0,x,2.45,2.498231335106732,11
r17,50.0,z,5.5,6.069751609526422,11
r17,75.0,x,3.675,3.3831005098247333,11
r17,75.0,z,8.25,6.85974030006324,11
r18,25.0,x,1.725,1.9191656821241727,11
r18,25.0,z,2.3675,3.21590987687519,11
r18,50.0,x,3.45,4.132510388399685,11
r18,50.0,z,4.735,5.20944217944564,11
r18,75.0,x,5.175000000000001,5.352591394222627,11
r18,75.0,z,7.102500000000001,7.304504784139868,11
r19,25.0,x,1.8875,1.6277546817399613,11
r19,25.0,z,2.52,3.564213805940752,11
r19,50.0,x,3.775,2.986815767111532,11
r19,50.0,z,5.04,4.5971443671412215,11
r19,75.0,x,5.6625,4.562598203391979,11
r19,75.0,z,7.56,6.189472624377871,11
r2,25.0,x,2.0,2.7856410935533384,11
r2,25.0,z,3.2,3.399910819784318,11
r2,50.0,x,4.0,4.390970395035095,11
r2,50.0,z,6.4,6.497930417878649,11
r3,20.0,x,0.988,3.4754315948449115,11
r3,20.0,z,1.8600000000000003,2.7339684858846693,11
r3,40.0,x,1.976,1.623137275702617,11
r3,40.0,z,3.7200000000000006,3.690373364963875,11
r3,60.0,x,2.9639999999999995,4.632338347115686,11
r3,60.0,z,5.58,4.728830647150493,11
r4,20.0,x,1.8600000000000003,1.1885992087534645,11
r4,20.0,z,2.66,1.6926902935720198,11
r4,40.0,x,3.7200000000000006,2.3208613436399426,11
r4,40.0,z,5.32,5.929214245965371,11
r4,50.0,z,6.65,7.898298068947533,11
r4,60.0,x,5.58,7.072480790623954,11
r5,20.0,x,1.37,2.919568617848249,11
r5,20.0,z,2.16,3.560890179169164,11
r5,40.0,x,2.74,2.001982761886192,11
r5,40.0,z,4.32,4.949250368722143,11
r5,60.0,x,4.109999999999999,3.8499857605720034,11
r5,60.0,z,6.48,6.400967082618586,11
r6,50.0,z,4.65,4.902269361511344,11
r6,75.0,z,6.9750000000000005,4.229936311704087,11
r7,20.0,x,1.1800000000000002,2.349404841936473,11
r7,20.0,z,2.18,3.486021514096481,11
r7,40.0,x,2.3600000000000003,2.954121197044987,11
r7,40.0,z,4.36,4.347382168839978,11
r7,60.0,x,3.54,4.098882518842938,11
r7,60.0,z,6.54,7.862547363845502,11
r8,20.0,x,1.26,2.15189981943301,11
r8,20.0,z,1.618,1.7212443066885452,11
r8,40.0,x,2.52,4.172696058945151,11
r8,40.0,z,3.236,3.117456584040444,11
r8,60.0,x,3.78,2.0336686312365173,11
r8,60.0,z,4.854,5.741734011385549,11
r9,20.0,x,1.0,1.5636904389606432,11
r9,20.0,z,1.4940000000000002,1.6956866479200006,11
r9,40.0,x,2.0,1.5616158842848074,11
r9,40.0,z,2.9880000000000004,4.079389259793672,11
r9,60.0,x,3.0,2.374779770668164,11
r9,60.0,z,4.482,4.830356635151964,11
r1,25.0,x,1.625,2.4983520296326995,12
r1,25.0,z,2.325,2.1968875851016083,12
r1,50.0,x,3.25,2.9346815939036857,12
r1,50.0,z,4.65,3.934174037093397,12
r1,75.0,x,4.875,5.833818070301468,12
r1,75.0,z,6.9750000000000005,6.391053120903788,12
r11,15.0,x,1.2060000000000002,1.5800552987846683,12
r11,15.0,z,2.1,2.384419565630121,12
r11,30.0,x,2.4120000000000004,1.857623030447484,12
r11,30.0,z,4.2,2.9765490742533385,12
r11,45.0,x,3.618,3.17437923730944,12
r11,45.0,z,6.3,4.7512253758255145,12
r11,60.0,x,4.824000000000001,4.072948136176018,12
r11,60.0,z,8.4,6.3212413946896,12
r12,25.0,x,2.0,2.10945363205436,12
r12,25.0,z,3.025,2.754598830413695,12
r12,50.0,x,4.0,3.5028896295123606,12
r12,50.0,z,6.05,4.111732194978153,12
r12,60.0,z,7.26,6.84024136130599,12
r12,75.0,x,6.0,5.8717773604877,12
r13,30.0,x,2.4599999999999995,2.3395122915513484,12
r13,30.0,z,3.048,2.951547160817133,12
r13,45.0,x,3.69,2.4359482751382915,12
r13,45.0,z,4.572,3.158112757375407,12
r13,60.0,x,4.919999999999999,3.70401911961293,12
r13,60.0,z,6.096,7.452448360959721,12
r14,20.0,x,1.5,1.842726260637611,12
r14,20.0,z,2.6,1.3805555216216878,12
r14,40.0,x,3.0,3.202125345008269,12
r14,40.0,z,5.2,5.581479111154027,12
r14,60.0,x,4.5,4.527006289186354,12
r14,60.0,z,7.8,6.400127813439578,12
r15,20.0,z,2.45,1.39774717539798,12
r15,25.0,x,1.565,1.7954899891489844,12
r15,40.0,z,4.9,4.311006038754889,12
r15,50.0,x,3.13,3.4062792757416824,12
r15,60.0,z,7.35,6.957336044220599,12
r15,75.0,x,4.695,5.032002266624714,12
r16,25.0,x,1.3,2.64370272276831,12
r16,25.0,z,1.73,1.637988269212228,12
r16,50.0,x,2.6,4.082179099518078,12
r16,50.0,z,3.46,2.2932994880620385,12
r17,25.0,x,1.225,1.0513726692649463,12
r17,25.0,z,2.75,2.591059242041992,12
r17,50.0,x,2.45,2.2797029468285404,12
r17,50.0,z,5.5,5.949639624548864,12
r17,75.0,x,3.675,3.44160333368976,12
r17,75.0,z,8.25,6.246329472021758,12
r18,25.0,x,1.725,2.330081646020903,12
r18,25.0,z,2.3675,3.2734822374183423,12
r18,50.0,x,3.45,3.389741309498474,12
r18,50.0,z,4.735,5.418819416043758,12
r18,75.0,x,5.175000000000001,4.52392543205293,12
r18,75.0,z,7.102500000000001,7.955342168068666,12
r19,25.0,x,1.8875,1.565279831008758,12
r19,25.0,z,2.52,3.6117067130731217,12
r19,50.0,x,3.775,2.859752841292147,12
r19,50.0,z,5.04,4.455594921439161,12
r19,75.0,x,5.6625,4.682533708740403,12
r19,75.0,z,7.56,6.118247424761868,12
r2,25.0,x,2.0,5.193820051701657,12
r2,25.0,z,3.2,1.3291216365491754,12
r2,50.0,x,4.0,5.89160866027138,12
r2,50.0,z,6.4,7.118681824084718,12
r3,20.0,x,0.988,2.426681492751236,12
r3,20.0,z,1.8600000000000003,2.687223022302977,12
r3,40.0,x,1.976,1.6960408197273158,12
r3,40.0,z,3.7200000000000006,3.890996560557677,12
r3,60.0,x,2.9639999999999995,4.379606050333364,12
r3,60.0,z,5.58,4.823414110526019,12
r4,20.0,x,1.8600000000000003,1.8623877460263316,12
r4,20.0,z,2.66,1.559480485839019,12
r4,40.0,x,3.7200000000000006,2.0964718086551013,12
r4,40.0,z,5.32,6.094898045861217,12
r4,50.0,z,6.65,6.179164279450804,12
r4,60.0,x,5.58,7.189238023087622,12
r5,20.0,x,1.37,2.7014579237381517,12
r5,20.0,z,2.16,3.5420149157322047,12
r5,40.0,x,2.74,2.0629469635640385,12
r5,40.0,z,4.32,4.024806736334562,12
r5,60.0,x,4.109999999999999,4.37731694038529,12
r5,60.0,z,6.48,6.778969782855942,12
r6,50.0,z,4.65,3.9182949461972,12
r6,75.0,z,6.9750000000000005,3.988967852784667,12
r7,20.0,x,1.1800000000000002,2.8909846522208973,12
r7,20.0,z,2.18,3.187474639738645,12
r7,40.0,x,2.3600000000000003,3.340863345928142,12
r7,40.0,z,4.36,4.545598165244083,12
r7,60.0,x,3.54,4.237423959540503,12
r7,60.0,z,6.54,7.633513436451491,12
r8,20.0,x,1.26,1.9415753551765271,12
r8,20.0,z,1.618,1.802229101648672,12
r8,40.0,x,2.52,4.0699527373770925,12
r8,40.0,z,3.236,3.3633772513927376,12
r8,60.0,x,3.78,2.1704343528491696,12
r8,60.0,z,4.854,5.209453085903264,12
r9,20.0,x,1.0,1.638931133322138,12
r9,20.0,z,1.4940000000000002,2.0189001753886213,12
r9,40.0,x,2.0,1.8612243901290813,12
r9,40.0,z,2.9880000000000004,5.52568386706071,12
r9,60.0,x,3.0,2.636050767128157,12
r9,60.0,z,4.482,4.999572218012112,12
r1,25.0,x,1.625,2.524125770875073,13
r1,25.0,z,2.325,2.172946698261886,13
r1,50.0,x,3.25,2.985171509559313,13
r1,50.0,z,4.65,3.947044079258099,13
r1,75.0,x,4.875,5.786137372719095,13
r1,75.0,z,6.9750000000000005,6.418212244034899,13
r11,15.0,x,1.2060000000000002,1.2897741420844175,13
r11,15.0,z,2.1,2.1959157458113925,13
r11,30.0,x,2.4120000000000004,1.771832539580914,13
r11,30.0,z,4.2,2.7126509990467977,13
r11,45.0,x,3.618,3.2573398920106795,13
r11,45.0,z,6.3,4.321311825134275,13
r11,60.0,x,4.824000000000001,4.121376434558825,13
r11,60.0,z,8.4,6.228801394292256,13
r12,25.0,x,2.0,2.144722379036552,13
r12,25.0,z,3.025,2.728608817056585,13
r12,50.0,x,4.0,3.591263660604344,13
r12,50.0,z,6.05,4.029842075976323,13
r12,60.0,z,7.26,6.74935439058552,13
r12,75.0,x,6.0,6.020107145395015,13
r13,30.0,x,2.4599999999999995,2.341841511807768,13
r13,30.0,z,3.048,2.949232806639001,13
r13,45.0,x,3.69,2.434337249485082,13
r13,45.0,z,4.572,3.163931661555591,13
r13,60.0,x,4.919999999999999,3.708614459923994,13
r13,60.0,z,6.096,7.445566705338239,13
r14,20.0,x,1.5,1.8447347744702305,13
r14,20.0,z,2.6,1.4909011631065383,13
r14,40.0,x,3.0,3.195150679949382,13
r14,40.0,z,5.2,5.69191872969298,13
r14,60.0,x,4.5,4.553381990905297,13
r14,60.0,z,7.8,6.482177218155606,13
r15,20.0,z,2.45,1.1730001031136132,13
r15,25.0,x,1.565,1.4868023111888338,13
r15,40.0,z,4.9,4.447681163174464,13
r15,50.0,x,3.13,3.55374144353579,13
r15,60.0,z,7.35,6.924434579137877,13
r15,75.0,x,4.695,4.638470460913125,13
r16,25.0,x,1.3,2.701010080202647,13
r16,25.0,z,1.73,1.6025523303158913,13
r16,50.0,x,2.6,4.146779501063077,13
r16,50.0,z,3.46,2.316122575401045,13
r17,25.0,x,1.225,1.528726022663919,13
r17,25.0,z,2.75,2.335631417374156,13
r17,50.0,x,2.45,2.4454825996454934,13
r17,50.0,z,5.5,5.785623153064649,13
r17,75.0,x,3.675,3.9566576391166985,13
r17,75.0,z,8.25,5.92298848146266,13
r18,25.0,x,1.725,2.325997800567665,13
r18,25.0,z,2.3675,3.268347772383494,13
r18,50.0,x,3.45,3.3869362349765426,13
r18,50.0,z,4.735,5.416924373638861,13
r18,75.0,x,5.175000000000001,4.5205686681365895,13
r18,75.0,z,7.102500000000001,7.965732552161103,13
r19,25.0,x,1.8875,1.628066268507602,13
r19,25.0,z,2.52,3.564804505377317,13
r19,50.0,x,3.775,2.985899141509904,13
r19,50.0,z,5.04,4.597312195298523,13
r19,75.0,x,5.6625,4.562590844724621,13
r19,75.0,z,7.56,6.189712225478615,13
r2,25.0,x,2.0,2.573618441411593,13
r2,25.0,z,3.2,2.9893040718910213,13
r2,50.0,x,4.0,4.896864172879727,13
r2,50.0,z,6.4,6.817814493498558,13
r3,20.0,x,0.988,3.160909378898649,13
r3,20.0,z,1.8600000000000003,2.6972679803054165,13
r3,40.0,x,1.976,1.5453302041253631,13
r3,40.0,z,3.7200000000000006,3.820146127274677,13
r3,60.0,x,2.9639999999999995,4.640688388732965,13
r3,60.0,z,5.58,4.743125357377452,13
r4,20.0,x,1.8600000000000003,1.804977870233,13
r4,20.0,z,2.66,1.6362246894728123,13
r4,40.0,x,3.7200000000000006,2.869082747571864,13
r4,40.0,z,5.32,5.34111004682162,13
r4,50.0,z,6.65,7.041656717421606,13
r4,60.0,x,5.58,6.992741388752311,13
r5,20.0,x,1.37,2.88867269846915,13
r5,20.0,z,2.16,3.625251275419625,13
r5,40.0,x,2.74,2.092584349153329,13
r5,40.0,z,4.32,4.827860589574648,13
r5,60.0,x,4.109999999999999,3.806303268034938,13
r5,60.0,z,6.48,6.527696774578738,13
r6,50.0,z,4.65,4.908715421536972,13
r6,75.0,z,6.9750000000000005,4.236938893108822,13
r7,20.0,x,1.1800000000000002,2.7582311888896616,13
r7,20.0,z,2.18,3.1350239094280026,13
r7,40.0,x,2.3600000000000003,3.2868766877313003,13
r7,40.0,z,4.36,4.414498145538324,13
r7,60.0,x,3.54,4.087958996995737,13
r7,60.0,z,6.54,7.700010220341643,13
r8,20.0,x,1.26,1.7134410061401164,13
r8,20.0,z,1.618,1.789434512317173,13
r8,40.0,x,2.52,4.506541297507077,13
r8,40.0,z,3.236,3.045249327213146,13
r8,60.0,x,3.78,2.211824885092462,13
r8,60.0,z,4.854,4.985426388651723,13
r9,20.0,x,1.0,1.3495322877840974,13
r9,20.0,z,1.4940000000000002,1.8609840024572688,13
r9,40.0,x,2.0,1.8299049674504275,13
r9,40.0,z,2.9880000000000004,4.988608489863448,13
r9,60.0,x,3.0,3.2126942789704613,13
r9,60.0,z,4.482,5.270113930631567,13
r1,25.0,x,1.625,2.5295296034962824,14
r1,25.0,z,2.325,2.175126714473234,14
r1,50.0,x,3.25,2.990235026312912,14
r1,50.0,z,4.65,3.948942291664069,14
r1,75.0,x,4.875,5.786468335726626,14
r1,75.0,z,6.9750000000000005,6.429073562190194,14
r11,15.0,x,1.2060000000000002,1.5721251081804524,14
r11,15.0,z,2.1,2.8203818252597195,14
r11,30.0,x,2.4120000000000004,1.6287045532730795,14
r11,30.0,z,4.2,3.581448574475844,14
r11,45.0,x,3.618,3.0524549793556943,14
r11,45.0,z,6.3,5.199770655500185,14
r11,60.0,x,4.824000000000001,4.029842317384391,14
r11,60.0,z,8.4,5.778629080824872,14
r12,25.0,x,2.0,2.107918582804834,14
r12,25.0,z,3.025,2.755113770353608,14
r12,50.0,x,4.0,3.5026585776819523,14
r12,50.0,z,6.05,4.11249713982026,14
r12,60.0,z,7.26,6.836140760050874,14
r12,75.0,x,6.0,5.873150733194362,14
r13,30.0,x,2.4599999999999995,2.3867223274689886,14
r13,30.0,z,3.048,2.8555622300500683,14
r13,45.0,x,3.69,2.4767961538702767,14
r13,45.0,z,4.572,3.2455963254184894,14
r13,60.0,x,4.919999999999999,3.724544599760517,14
r13,60.0,z,6.096,7.330604992915446,14
r14,20.0,x,1.5,1.842408864684788,14
r14,20.0,z,2.6,1.3838903880556703,14
r14,40.0,x,3.0,3.19887286510411,14
r14,40.0,z,5.2,5.57811937587586,14
r14,60.0,x,4.5,4.5295597150311,14
r14,60.0,z,7.8,6.397608918706175,14
r15,20.0,z,2.45,1.5585585113416398,14
r15,25.0,x,1.565,1.6063128440573862,14
r15,40.0,z,4.9,4.30864268815505,14
r15,50.0,x,3.13,3.267623805813125,14
r15,60.0,z,7.35,6.3609856399775735,14
r15,75.0,x,4.695,4.936405429686234,14
r16,25.0,x,1.3,2.700274097503738,14
r16,25.0,z,1.73,1.6088997526222224,14
r16,50.0,x,2.6,4.143476358453295,14
r16,50.0,z,3.46,2.3194041544794155,14
r17,25.0,x,1.225,1.535610826496821,14
r17,25.0,z,2.75,2.326795830765069,14
r17,50.0,x,2.45,2.4554715844079222,14
r17,50.0,z,5.5,5.711051901771071,14
r17,75.0,x,3.675,3.9310251208438576,14
r17,75.0,z,8.25,5.779984591432239,14
r18,25.0,x,1.725,1.7557633423098775,14
r18,25.0,z,2.3675,3.176719289188784,14
r18,50.0,x,3.45,4.021711720884737,14
r18,50.0,z,4.735,5.190398589544911,14
r18,75.0,x,5.175000000000001,5.158216207397634,14
r18,75.0,z,7.102500000000001,8.273773864948557,14
r19,25.0,x,1.8875,1.614316219364428,14
r19,25.0,z,2.52,3.5128737048530367,14
r19,50.0,x,3.775,2.9451643961979093,14
r19,50.0,z,5.04,4.546452345369936,14
r19,75.0,x,5.6625,4.571859489297067,14
r19,75.0,z,7.56,6.120787419716494,14
r2,25.0,x,2.0,2.82007584316093,14
r2,25.0,z,3.2,3.850590137047848,14
r2,50.0,x,4.0,3.803967416707259,14
r2,50.0,z,6.4,6.479371475143723,14
r3,20.0,x,0.988,2.4488324475097816,14
r3,20.0,z,1.8600000000000003,2.590002137540014,14
r3,40.0,x,1.976,1.5581131919736064,14
r3,40.0,z,3.7200000000000006,3.813223793159307,14
r3,60.0,x,2.9639999999999995,4.280705573841664,14
r3,60.0,z,5.58,4.741716626563234,14
r4,20.0,x,1.8600000000000003,1.4067481090514482,14
r4,20.0,z,2.66,1.5604009061704316,14
r4,40.0,x,3.7200000000000006,2.361238480545411,14
r4,40.0,z,5.32,5.338614997640795,14
r4,50.0,z,6.65,7.668169965778672,14
r4,60.0,x,5.58,8.306929655702508,14
r5,20.0,x,1.37,2.455233224155242,14
r5,20.0,z,2.16,3.320916851183984,14
r5,40.0,x,2.74,2.27669612039944,14
r5,40.0,z,4.32,4.663374020646388,14
r5,60.0,x,4.109999999999999,4.457722062074638,14
r5,60.0,z,6.48,6.249813470897598,14
r6,50.0,z,4.65,4.88184379434653,14
r6,75.0,z,6.9750000000000005,4.101583275216218,14
r7,20.0,x,1.1800000000000002,2.764742288913232,14
r7,20.0,z,2.18,3.149567214825878,14
r7,40.0,x,2.3600000000000003,3.292150568730919,14
r7,40.0,z,4.36,4.410359635528581,14
r7,60.0,x,3.54,4.086129402165879,14
r7,60.0,z,6.54,7.682439670129692,14
r8,20.0,x,1.26,1.9418280913651969,14
r8,20.0,z,1.618,1.8025142852944689,14
r8,40.0,x,2.52,4.070207371818267,14
r8,40.0,z,3.236,3.357090265746974,14
r8,60.0,x,3.78,2.1597412424355005,14
r8,60.0,z,4.854,5.210751288016686,14
r9,20.0,x,1.0,1.2721889503771076,14
r9,20.0,z,1.4940000000000002,1.6854653407486355,14
r9,40.0,x,2.0,1.8849229635157525,14
r9,40.0,z,2.9880000000000004,5.503721214625217,14
r9,60.0,x,3.0,3.2264633096229174,14
r9,60.0,z,4.482,5.556675509059104,14
r1,25.0,x,1.625,2.5295593504398277,15
r1,25.0,z,2.325,2.174591096745188,15
r1,50.0,x,3.25,2.99049416960226,15
r1,50.0,z,4.65,3.948601479050189,15
r1,75.0,x,4.875,5.786957493337374,15
r1,75.0,z,6.9750000000000005,6.428614081216029,15
r11,15.0,x,1.2060000000000002,1.5696056458958076,15
r11,15.0,z,2.1,2.104340152708432,15
r11,30.0,x,2.4120000000000004,1.796352928738825,15
r11,30.0,z,4.2,3.2481513701675357,15
r11,45.0,x,3.618,3.178828015103936,15
r11,45.0,z,6.3,5.090030379163579,15
r11,60.0,x,4.824000000000001,3.895682263617191,15
r11,60.0,z,8.4,6.17029454406539,15
r12,25.0,x,2.0,2.110931250983959,15
r12,25.0,z,3.025,2.753993433674843,15
r12,50.0,x,4.0,3.502743696038684,15
r12,50.0,z,6.05,4.111019699216774,15
r12,60.0,z,7.26,6.844691342199612,15
r12,75.0,x,6.0,5.870245808944861,15
r13,30.0,x,2.4599999999999995,2.3867236923802237,15
r13,30.0,z,3.048,2.855074199432681,15
r13,45.0,x,3.69,2.476583467544196,15
r13,45.0,z,4.572,3.2451089277422422,15
r13,60.0,x,4.919999999999999,3.7244975360129553,15
r13,60.0,z,6.096,7.330924107659458,15
r14,20.0,x,1.5,1.8422970086857489,15
r14,20.0,z,2.6,1.384447685243816,15
r14,40.0,x,3.0,3.197351907192431,15
r14,40.0,z,5.2,5.577772057108299,15
r14,60.0,x,4.5,4.531058858908262,15
r14,60.0,z,7.8,6.397195177500288,15
r15,20.0,z,2.45,1.6834278686090118,15
r15,25.0,x,1.565,1.3261749325008134,15
r15,40.0,z,4.9,4.540107566367864,15
r15,50.0,x,3.13,3.9230894608167457,15
r15,60.0,z,7.35,6.930682235006994,15
r15,75.0,x,4.695,4.429674734576165,15
r16,25.0,x,1.3,2.927012602298797,15
r16,25.0,z,1.73,1.2175295058564477,15
r16,50.0,x,2.6,2.9776983726569943,15
r16,50.0,z,3.46,2.4513461619007058,15
r17,25.0,x,1.225,1.5308110876627103,15
r17,25.0,z,2.75,2.325724615418257,15
r17,50.0,x,2.45,2.454298383353634,15
r17,50.0,z,5.5,5.710087722429249,15
r17,75.0,x,3.675,3.931244965201473,15
r17,75.0,z,8.25,5.782176359775978,15
r18,25.0,x,1.725,1.9202315064383024,15
r18,25.0,z,2.3675,3.2139084328431418,15
r18,50.0,x,3.45,4.130432054249414,15
r18,50.0,z,4.735,5.209472093016761,15
r18,75.0,x,5.175000000000001,5.351979457669061,15
r18,75.0,z,7.102500000000001,7.3121865155885875,15
r19,25.0,x,1.8875,1.5985025236118404,15
r19,25.0,z,2.52,3.6422118078657055,15
r19,50.0,x,3.775,2.935100172449327,15
r19,50.0,z,5.04,4.450101767303766,15
r19,75.0,x,5.6625,4.645107325328791,15
r19,75.0,z,7.56,6.07890349228656,15
r2,25.0,x,2.0,4.446055153878255,15
r2,25.0,z,3.2,2.8308386485657,15
r2,50.0,x,4.0,7.173294721651563,15
r2,50.0,z,6.4,6.634101327545104,15
r3,20.0,x,0.988,3.1943967085374627,15
r3,20.0,z,1.8600000000000003,3.247180404449316,15
r3,40.0,x,1.976,1.91030263381607,15
r3,40.0,z,3.7200000000000006,3.7250065072411935,15
r3,60.0,x,2.9639999999999995,4.642882607906423,15
r3,60.0,z,5.58,5.026881677483647,15
r4,20.0,x,1.8600000000000003,1.0546573848863097,15
r4,20.0,z,2.66,2.001237672121765,15
r4,40.0,x,3.7200000000000006,1.834564975482976,15
r4,40.0,z,5.32,5.771682409425585,15
r4,50.0,z,6.65,6.774434230471004,15
r4,60.0,x,5.58,6.879019601058555,15
r5,20.0,x,1.37,2.9104290540936484,15
r5,20.0,z,2.16,3.614658540392399,15
r5,40.0,x,2.74,1.949263936683895,15
r5,40.0,z,4.32,4.885797042176442,15
r5,60.0,x,4.109999999999999,3.775467032567272,15
r5,60.0,z,6.48,6.470164694373356,15
r6,50.0,z,4.65,4.393484648145814,15
r6,75.0,z,6.9750000000000005,4.174446588619637,15
r7,20.0,x,1.1800000000000002,2.349975984555312,15
r7,20.0,z,2.18,3.4912245437661014,15
r7,40.0,x,2.3600000000000003,2.964168949578669,15
r7,40.0,z,4.36,4.355711018591939,15
r7,60.0,x,3.54,4.109383127209713,15
r7,60.0,z,6.54,7.856987091182255,15
r8,20.0,x,1.26,2.317029835451774,15
r8,20.0,z,1.618,1.8526706525537875,15
r8,40.0,x,2.52,3.364608370005365,15
r8,40.0,z,3.236,4.153558063069413,15
r8,60.0,x,3.78,2.6037762735016177,15
r8,60.0,z,4.854,4.525445959507265,15
r9,20.0,x,1.0,1.2177289588953104,15
r9,20.0,z,1.4940000000000002,1.8012922650945642,15
r9,40.0,x,2.0,1.690721400681094,15
r9,40.0,z,2.9880000000000004,5.0270349908958005,15
r9,60.0,x,3.0,2.83688389004579,15
r9,60.0,z,4.482,5.287646940415674,15
r1,25.0,x,1.625,2.519180716194908,16
r1,25.0,z,2.325,2.1722860225435,16
r1,50.0,x,3.25,2.997951673209373,16
r1,50.0,z,4.65,3.941908988320101,16
r1,75.0,x,4.875,5.806879830958256,16
r1,75.0,z,6.9750000000000005,6.4424236607879095,16
r11,15.0,x,1.2060000000000002,1.0781461341185494,16
r11,15.0,z,2.1,2.072693244570669,16
r11,30.0,x,2.4120000000000004,1.6721598153929569,16
r11,30.0,z,4.2,2.313439005350494,16
r11,45.0,x,3.618,3.080353301476856,16
r11,45.0,z,6.3,3.9547574061568462,16
r11,60.0,x,4.824000000000001,3.8632862578580576,16
r11,60.0,z,8.4,6.159962121053967,16
r12,25.0,x,2.0,2.114860467911437,16
r12,25.0,z,3.025,2.7344226685036723,16
r12,50.0,x,4.0,3.481656638773204,16
r12,50.0,z,6.05,4.289985290434578,16
r12,60.0,z,7.26,6.784727561240381,16
r12,75.0,x,6.0,5.967790902683111,16
r13,30.0,x,2.4599999999999995,1.7836810369076908,16
r13,30.0,z,3.048,2.960346987642356,16
r13,45.0,x,3.69,2.243251641185199,16
r13,45.0,z,4.572,3.076219697100127,16
r13,60.0,x,4.919999999999999,3.590221906589294,16
r13,60.0,z,6.096,7.080239307571322,16
r14,20.0,x,1.5,1.8424510202458972,16
r14,20.0,z,2.6,1.382290983971442,16
r14,40.0,x,3.0,3.1983341506101413,16
r14,40.0,z,5.2,5.578396514835279,16
r14,60.0,x,4.5,4.530100163723151,16
r14,60.0,z,7.8,6.398186239105153,16
r15,20.0,z,2.45,1.4757868190531536,16
r15,25.0,x,1.565,1.5106706381855473,16
r15,40.0,z,4.9,5.502348821774296,16
r15,50.0,x,3.13,3.2208147631051536,16
r15,60.0,z,7.35,7.172167136259272,16
r15,75.0,x,4.695,4.4253505291937545,16
r16,25.0,x,1.3,2.646777217742576,16
r16,25.0,z,1.73,1.6287614264339902,16
r16,50.0,x,2.6,4.087586344226675,16
r16,50.0,z,3.46,2.292154376122739,16
r17,25.0,x,1.225,1.0076967553252505,16
r17,25.0,z,2.75,2.473365482833628,16
r17,50.0,x,2.45,2.348182545877779,16
r17,50.0,z,5.5,6.061764589251673,16
r17,75.0,x,3.675,3.512812782359974,16
r17,75.0,z,8.25,6.594460342713729,16
r18,25.0,x,1.725,1.942157286486378,16
r18,25.0,z,2.3675,3.3149851183856947,16
r18,50.0,x,3.45,3.641093651823901,16
r18,50.0,z,4.735,5.318059108408562,16
r18,75.0,x,5.175000000000001,4.913454289130643,16
r18,75.0,z,7.102500000000001,7.7191482216506175,16
r19,25.0,x,1.8875,1.5784540490080872,16
r19,25.0,z,2.52,3.649149643619572,16
r19,50.0,x,3.775,2.8165663274779904,16
r19,50.0,z,5.04,4.468857291333782,16
r19,75.0,x,5.6625,4.650031994440234,16
r19,75.0,z,7.56,6.115316730150672,16
r2,25.0,x,2.0,5.3471434238869255,16
r2,25.0,z,3.2,1.838598349246068,16
r2,50.0,x,4.0,6.183238968883202,16
r2,50.0,z,6.4,6.810638864647567,16
r3,20.0,x,0.988,3.0154497378609646,16
r3,20.0,z,1.8600000000000003,2.826385678484572,16
r3,40.0,x,1.976,1.6829830970836137,16
r3,40.0,z,3.7200000000000006,3.66455670568538,16
r3,60.0,x,2.9639999999999995,4.502675718850135,16
r3,60.0,z,5.58,4.806679333010612,16
r4,20.0,x,1.8600000000000003,1.1087959812675487,16
r4,20.0,z,2.66,2.013427210219084,16
r4,40.0,x,3.7200000000000006,1.865637152889891,16
r4,40.0,z,5.32,5.841272023851583,16
r4,50.0,z,6.65,6.816025542544795,16
r4,60.0,x,5.58,6.850743463590129,16
r5,20.0,x,1.37,2.8870186012370334,16
r5,20.0,z,2.16,3.622686387390809,16
r5,40.0,x,2.74,2.096803239084105,16
r5,40.0,z,4.32,4.823927566194893,16
r5,60.0,x,4.109999999999999,3.8081599059109754,16
r5,60.0,z,6.48,6.525347612064364,16
r6,50.0,z,4.65,3.9162018840330224,16
r6,75.0,z,6.9750000000000005,4.047007943708648,16
r7,20.0,x,1.1800000000000002,2.898225741091344,16
r7,20.0,z,2.18,3.190382596516764,16
r7,40.0,x,2.3600000000000003,3.345082992423496,16
r7,40.0,z,4.36,4.538057446636387,16
r7,60.0,x,3.54,4.238744218567492,16
r7,60.0,z,6.54,7.615432785605726,16
r8,20.0,x,1.26,2.157673874290359,16
r8,20.0,z,1.618,1.7394978845739368,16
r8,40.0,x,2.52,4.172422005749199,16
r8,40.0,z,3.236,3.270538495509834,16
r8,60.0,x,3.78,2.084148800258334,16
r8,60.0,z,4.854,5.1386615454065705,16
r9,20.0,x,1.0,1.2643226302370385,16
r9,20.0,z,1.4940000000000002,1.6804425783384058,16
r9,40.0,x,2.0,1.888266249555264,16
r9,40.0,z,2.9880000000000004,5.485815927382752,16
r9,60.0,x,3.0,3.238945526734003,16
r9,60.0,z,4.482,5.55456939701123,16
r1,25.0,x,1.625,2.511090239062895,17
r1,25.0,z,2.325,2.198581283362328,17
r1,50.0,x,3.25,2.922334731613853,17
r1,50.0,z,4.65,3.9392417264197785,17
r1,75.0,x,4.875,5.823522967979141,17
r1,75.0,z,6.9750000000000005,6.377754452497817,17
r11,15.0,x,1.2060000000000002,1.2470269887357843,17
r11,15.0,z,2.1,2.3734178176475123,17
r11,30.0,x,2.4120000000000004,1.5943207638474473,17
r11,30.0,z,4.2,3.097506103187505,17
r11,45.0,x,3.618,2.9398678286127966,17
r11,45.0,z,6.3,4.844457258332978,17
r11,60.0,x,4.824000000000001,3.901745508883532,17
r11,60.0,z,8.4,6.170126133855659,17
r12,25.0,x,2.0,2.1092485399415137,17
r12,25.0,z,3.025,2.7551686536949265,17
r12,50.0,x,4.0,3.50197538242934,17
r12,50.0,z,6.05,4.112143730627576,17
r12,60.0,z,7.26,6.840238503816373,17
r12,75.0,x,6.0,5.871249545791295,17
r13,30.0,x,2.4599999999999995,2.146723513322136,17
r13,30.0,z,3.048,2.6987821170889563,17
r13,45.0,x,3.69,1.9054683607382763,17
r13,45.0,z,4.572,2.427440090746452,17
r13,60.0,x,4.919999999999999,3.9648083284073055,17
r13,60.0,z,6.096,7.055851546728277,17
r14,20.0,x,1.5,1.8423645460121327,17
r14,20.0,z,2.6,1.3843306151393286,17
r14,40.0,x,3.0,3.1978751024625365,17
r14,40.0,z,5.2,5.578100768112444,17
r14,60.0,x,4.5,4.530712048701534,17
r14,60.0,z,7.8,6.397369767842795,17
r15,20.0,z,2.45,1.4859955732578278,17
r15,25.0,x,1.565,1.3711711492211154,17
r15,40.0,z,4.9,4.913084243722976,17
r15,50.0,x,3.13,3.0464527329304505,17
r15,60.0,z,7.35,6.211458508976961,17
r15,75.0,x,4.695,4.738989991934292,17
r16,25.0,x,1.3,2.73589582757456,17
r16,25.0,z,1.73,1.1861448627319011,17
r16,50.0,x,2.6,4.208612259545205,17
r16,50.0,z,3.46,2.47584346023346,17
r17,25.0,x,1.225,1.517100906318885,17
r17,25.0,z,2.75,2.32867874206869,17
r17,50.0,x,2.45,2.4537018425722965,17
r17,50.0,z,5.5,5.714566437107027,17
r17,75.0,x,3.675,3.928846758159776,17
r17,75.0,z,8.25,5.7933698011029815,17
r18,25.0,x,1.725,1.9052456034877931,17
r18,25.0,z,2.3675,3.232442582358656,17
r18,50.0,x,3.45,4.126482055708856,17
r18,50.0,z,4.735,5.202753054083164,17
r18,75.0,x,5.175000000000001,5.33675475856216,17
r18,75.0,z,7.102500000000001,7.374817453386621,17
r19,25.0,x,1.8875,1.4849043443886547,17
r19,25.0,z,2.52,3.261336796829802,17
r19,50.0,x,3.775,3.067133303824701,17
r19,50.0,z,5.04,4.463136082981152,17
r19,75.0,x,5.6625,4.677750006266686,17
r19,75.0,z,7.56,6.068425783748268,17
r2,25.0,x,2.0,3.6224165347792567,17
r2,25.0,z,3.2,3.133530207603436,17
r2,50.0,x,4.0,5.6751789024342685,17
r2,50.0,z,6.4,6.458034719201991,17
r3,20.0,x,0.988,3.208077077632062,17
r3,20.0,z,1.8600000000000003,3.211566577334091,17
r3,40.0,x,1.976,1.92395848450476,17
r3,40.0,z,3.7200000000000006,3.724612661686203,17
r3,60.0,x,2.9639999999999995,4.6267624133621394,17
r3,60.0,z,5.58,5.015116889528388,17
r4,20.0,x,1.8600000000000003,1.370818027401631,17
r4,20.0,z,2.66,2.2018612416145764,17
r4,40.0,x,3.7200000000000006,2.133883639314961,17
r4,40.0,z,5.32,5.475831624151336,17
r4,50.0,z,6.65,7.357428163596844,17
r4,60.0,x,5.58,6.965180846947255,17
r5,20.0,x,1.37,2.417668027354023,17
r5,20.0,z,2.16,3.801657236587729,17
r5,40.0,x,2.74,2.015984479251227,17
r5,40.0,z,4.32,4.841465393507439,17
r5,60.0,x,4.109999999999999,4.37319042262178,17
r5,60.0,z,6.48,6.997968974699784,17
r6,50.0,z,4.65,4.907598346527274,17
r6,75.0,z,6.9750000000000005,4.235132147194968,17
r7,20.0,x,1.1800000000000002,2.7550132001249565,17
r7,20.0,z,2.18,3.1297207867311947,17
r7,40.0,x,2.3600000000000003,3.284093749575685,17
r7,40.0,z,4.36,4.415919942584417,17
r7,60.0,x,3.54,4.08767108778972,17
r7,60.0,z,6.54,7.707314318488866,17
r8,20.0,x,1.26,1.7367134432995104,17
r8,20.0,z,1.618,1.9037339608679849,17
r8,40.0,x,2.52,4.700422838645332,17
r8,40.0,z,3.236,3.283484214611324,17
r8,60.0,x,3.78,3.1997457599711314,17
r8,60.0,z,4.854,4.347972094417154,17
r9,20.0,x,1.0,1.326890587550411,17
r9,20.0,z,1.4940000000000002,1.864718954512372,17
r9,40.0,x,2.0,1.82033679247518,17
r9,40.0,z,2.9880000000000004,5.643840858596518,17
r9,60.0,x,3.0,2.8796716304906838,17
r9,60.0,z,4.482,5.40083993372537,17
r1,25.0,x,1.625,2.522044574615668,18
r1,25.0,z,2.325,2.1731796757638446,18
r1,50.0,x,3.25,3.000951145992928,18
r1,50.0,z,4.65,3.943371159609936,18
r1,75.0,x,4.875,5.806849687002753,18
r1,75.0,z,6.9750000000000005,6.447663783196726,18
r11,15.0,x,1.2060000000000002,1.220404022620242,18
r11,15.0,z,2.1,2.672998637271816,18
r11,30.0,x,2.4120000000000004,1.8921488355838891,18
r11,30.0,z,4.2,3.205431371411513,18
r11,45.0,x,3.618,3.423835739267972,18
r11,45.0,z,6.3,5.053386220530703,18
r11,60.0,x,4.824000000000001,4.211100413798069,18
r11,60.0,z,8.4,6.090663966737354,18
r12,25.0,x,2.0,2.11405863179473,18
r12,25.0,z,3.025,2.734922044092934,18
r12,50.0,x,4.0,3.4832669652581063,18
r12,50.0,z,6.05,4.29033853977802,18
r12,60.0,z,7.26,6.782257789520072,18
r12,75.0,x,6.0,5.967671373596101,18
r13,30.0,x,2.4599999999999995,2.027566250998306,18
r13,30.0,z,3.048,2.5053082158091087,18
r13,45.0,x,3.69,2.1730411168886,18
r13,45.0,z,4.572,2.7662615338892853,18
r13,60.0,x,4.919999999999999,3.88277044995912,18
r13,60.0,z,6.096,7.0497367995851805,18
r14,20.0,x,1.5,1.8447868028183056,18
r14,20.0,z,2.6,1.490672355086312,18
r14,40.0,x,3.0,3.196678911309072,18
r14,40.0,z,5.2,5.694350248443168,18
r14,60.0,x,4.5,4.552899425041276,18
r14,60.0,z,7.8,6.483479215687478,18
r15,20.0,z,2.45,1.6834408776948928,18
r15,25.0,x,1.565,1.3262087903804067,18
r15,40.0,z,4.9,4.539904256239383,18
r15,50.0,x,3.13,3.923031873288517,18
r15,60.0,z,7.35,6.930790334840358,18
r15,75.0,x,4.695,4.4295617792962085,18
r16,25.0,x,1.3,2.680401078699479,18
r16,25.0,z,1.73,1.2981201804756228,18
r16,50.0,x,2.6,4.147626018456816,18
r16,50.0,z,3.46,2.449636138920017,18
r17,25.0,x,1.225,1.5460021668490964,18
r17,25.0,z,2.75,2.323536334681881,18
r17,50.0,x,2.45,2.455140690825349,18
r17,50.0,z,5.5,5.7055650648622525,18
r17,75.0,x,3.675,3.9334979424821626,18
r17,75.0,z,8.25,5.769530926020552,18
r18,25.0,x,1.725,1.9277722705005087,18
r18,25.0,z,2.3675,3.3295821143684545,18
r18,50.0,x,3.45,3.634196717930736,18
r18,50.0,z,4.735,5.321614672616969,18
r18,75.0,x,5.175000000000001,4.88611917536602,18
r18,75.0,z,7.102500000000001,7.832420886933042,18
r19,25.0,x,1.8875,1.5483290472068971,18
r19,25.0,z,2.52,3.692502989723679,18
r19,50.0,x,3.775,2.9560656410362114,18
r19,50.0,z,5.04,4.439180604862148,18
r19,75.0,x,5.6625,4.658411909833066,18
r19,75.0,z,7.56,6.026702432452995,18
r2,25.0,x,2.0,2.749106726322431,18
r2,25.0,z,3.2,3.3493038452169315,18
r2,50.0,x,4.0,4.336980754588751,18
r2,50.0,z,6.4,6.467011114176435,18
r3,20.0,x,0.988,2.641935853091279,18
r3,20.0,z,1.8600000000000003,2.488516369790581,18
r3,40.0,x,1.976,1.5314061711135398,18
r3,40.0,z,3.7200000000000006,3.9351742774139287,18
r3,60.0,x,2.9639999999999995,4.553240660774386,18
r3,60.0,z,5.58,4.728777886092753,18
r4,20.0,x,1.8600000000000003,1.825143110403188,18
r4,20.0,z,2.66,1.450341798066979,18
r4,40.0,x,3.7200000000000006,2.1310455156829784,18
r4,40.0,z,5.32,6.00592219239987,18
r4,50.0,z,6.65,7.216030059640899,18
r4,60.0,x,5.58,6.000032491410401,18
r5,20.0,x,1.37,2.917770426527704,18
r5,20.0,z,2.16,3.562097583236186,18
r5,40.0,x,2.74,2.003518928749256,18
r5,40.0,z,4.32,4.947759105906333,18
r5,60.0,x,4.109999999999999,3.854661195148808,18
r5,60.0,z,6.48,6.3992496138426525,18
r6,50.0,z,4.65,4.872418895272454,18
r6,75.0,z,6.9750000000000005,4.097383262505956,18
r7,20.0,x,1.1800000000000002,2.755784222046398,18
r7,20.0,z,2.18,3.132717568127473,18
r7,40.0,x,2.3600000000000003,3.284435425789852,18
r7,40.0,z,4.36,4.415866812902149,18
r7,60.0,x,3.54,4.086920720052738,18
r7,60.0,z,6.54,7.704016683692556,18
r8,20.0,x,1.26,2.1068103189682725,18
r8,20.0,z,1.618,2.164581803382849,18
r8,40.0,x,2.52,3.880563860695804,18
r8,40.0,z,3.236,3.7662826481329086,18
r8,60.0,x,3.78,2.517147437995658,18
r8,60.0,z,4.854,4.092856154189944,18
r9,20.0,x,1.0,1.4635438676485766,18
r9,20.0,z,1.4940000000000002,1.7064366985760273,18
r9,40.0,x,2.0,1.4703959867848213,18
r9,40.0,z,2.9880000000000004,4.474386584609891,18
r9,60.0,x,3.0,2.3466522125652043,18
r9,60.0,z,4.482,4.8261790693727775,18
r1,25.0,x,1.625,2.504059595610624,19
r1,25.0,z,2.325,2.196916634478342,19
r1,50.0,x,3.25,2.91983083235395,19
r1,50.0,z,4.65,3.9300244404329456,19
r1,75.0,x,4.875,5.83726183109616,19
r1,75.0,z,6.9750000000000005,6.3741975693427815,19
r11,15.0,x,1.2060000000000002,1.2421116834891488,19
r11,15.0,z,2.1,2.693521915188688,19
r11,30.0,x,2.4120000000000004,1.6121651073192953,19
r11,30.0,z,4.2,2.9899946915594637,19
r11,45.0,x,3.618,3.100124616599913,19
r11,45.0,z,6.3,4.774334337546415,19
r11,60.0,x,4.824000000000001,4.00613686756772,19
r11,60.0,z,8.4,5.951946485364967,19
r12,25.0,x,2.0,2.1447036134379616,19
r12,25.0,z,3.025,2.9144320623211533,19
r12,50.0,x,4.0,3.5071289567182578,19
r12,50.0,z,6.05,4.571194244804041,19
r12,60.0,z,7.26,6.834916997260716,19
r12,75.0,x,6.0,6.013736269647732,19
r13,30.0,x,2.4599999999999995,2.3371396202332315,19
r13,30.0,z,3.048,2.945250930039511,19
r13,45.0,x,3.69,2.433112335739016,19
r13,45.0,z,4.572,3.144750188170364,19
r13,60.0,x,4.919999999999999,3.700193671883584,19
r13,60.0,z,6.096,7.467336963051808,19
r14,20.0,x,1.5,1.7012325506138728,19
r14,20.0,z,2.6,1.7720230917299036,19
r14,40.0,x,3.0,3.8064075600843754,19
r14,40.0,z,5.2,5.886432477992212,19
r14,60.0,x,4.5,5.187927040433048,19
r14,60.0,z,7.8,6.830536707689759,19
r15,20.0,z,2.45,1.6957878269860736,19
r15,25.0,x,1.565,1.8431368465492493,19
r15,40.0,z,4.9,3.6776135176171447,19
r15,50.0,x,3.13,2.877113262982493,19
r15,60.0,z,7.35,6.611470413007936,19
r15,75.0,x,4.695,4.267184099593268,19
r16,25.0,x,1.3,2.6968946982916453,19
r16,25.0,z,1.73,1.6074119648849452,19
r16,50.0,x,2.6,4.132007166572032,19
r16,50.0,z,3.46,2.316866597438408,19
r17,25.0,x,1.225,1.3973454519026474,19
r17,25.0,z,2.75,2.457443482409865,19
r17,50.0,x,2.45,2.5887601013195773,19
r17,50.0,z,5.5,5.652277689817872,19
r17,75.0,x,3.675,3.774915125844261,19
r17,75.0,z,8.25,6.53424471800238,19
r18,25.0,x,1.725,2.3272534713425945,19
r18,25.0,z,2.3675,3.2721851330383225,19
r18,50.0,x,3.45,3.385390346471997,19
r18,50.0,z,4.735,5.418283686901315,19
r18,75.0,x,5.175000000000001,4.519131911952563,19
r18,75.0,z,7.102500000000001,7.958987368650617,19
r19,25.0,x,1.8875,1.7709261095237512,19
r19,25.0,z,2.52,3.0716955225360287,19
r19,50.0,x,3.775,3.0982441053009406,19
r19,50.0,z,5.04,4.498409869398613,19
r19,75.0,x,5.6625,4.768071337032522,19
r19,75.0,z,7.56,6.108482774679435,19
r2,25.0,x,2.0,2.296218671283936,19
r2,25.0,z,3.2,4.382133513358881,19
r2,50.0,x,4.0,4.195783642417321,19
r2,50.0,z,6.4,6.218201329821943,19
r3,20.0,x,0.988,3.090086675971308,19
r3,20.0,z,1.8600000000000003,3.1846987334442867,19
r3,40.0,x,1.976,1.9600350973262737,19
r3,40.0,z,3.7200000000000006,3.5434767594249745,19
r3,60.0,x,2.9639999999999995,4.486310532926323,19
r3,60.0,z,5.58,4.940658497856211,19
r4,20.0,x,1.8600000000000003,2.038696971752688,19
r4,20.0,z,2.66,2.626619364350733,19
r4,40.0,x,3.7200000000000006,2.3620713475232264,19
r4,40.0,z,5.32,6.401371572072357,19
r4,50.0,z,6.65,7.991627214927186,19
r4,60.0,x,5.58,7.346855898396287,19
r5,20.0,x,1.37,2.8888310651963263,19
r5,20.0,z,2.16,3.625458229081852,19
r5,40.0,x,2.74,2.092220573822412,19
r5,40.0,z,4.32,4.828175342368496,19
r5,60.0,x,4.109999999999999,3.80617280972448,19
r5,60.0,z,6.48,6.527920196184361,19
r6,50.0,z,4.65,4.913375515488073,19
r6,75.0,z,6.9750000000000005,4.234679664512568,19
r7,20.0,x,1.1800000000000002,2.5048555541952995,19
r7,20.0,z,2.18,3.2157649914635025,19
r7,40.0,x,2.3600000000000003,3.1686048673582805,19
r7,40.0,z,4.36,4.110161127284156,19
r7,60.0,x,3.54,4.442245174171863,19
r7,60.0,z,6.54,7.737197510436378,19
r8,20.0,x,1.26,1.9574824799977324,19
r8,20.0,z,1.618,2.037388203384481,19
r8,40.0,x,2.52,4.3314462773032565,19
r8,40.0,z,3.236,3.3599880397565443,19
r8,60.0,x,3.78,1.8739220014166704,19
r8,60.0,z,4.854,5.578473928227614,19
r9,20.0,x,1.0,1.3446736682346256,19
r9,20.0,z,1.4940000000000002,1.659017201111015,19
r9,40.0,x,2.0,1.6559014656603193,19
r9,40.0,z,2.9880000000000004,5.528681545360969,19
r9,60.0,x,3.0,2.633423134136617,19
r9,60.0,z,4.482,5.404470962209004,19
